Title,Tree cover
Regions,States & Territories
Description,Percent of area classified as forest at 30 metre resolution mapping using Landsat imagery following the NCAS classification.
InputFile,/au/treecover/250m/ANUWALD.TreeCover.AllYears.250m.nc
RegionShapefile,states4326
RegionCode,STATE_CODE
RegionLabels,See file STATE_CODE.csv to match RegionCode to region name.
ColumnLabels,See file DLCD_codes.csv to match ColumnID to category name.
Units,km2
NoDataValue,-9999
Produced,20-Mar-2016 17:26:25
AuthorEmail,albert.vandijk@anu.edu.au
------------------------------------------ 
-9999,0001,0003,0004,0005,0006,0007,0008,0009,0010,0011,0014,0015,0016,0018,0019,0024,0025,0031,0032,0033,0034,0035
1,31.304,225.87,6.2637,46.526,30.558,0.075308,696.86,6728.2,0,649.11,1246.4,298.8,912.49,1400.3,1130.3,6545.3,566.77,61848,48004,29637,34901,406.17
2,12.89,176.21,0.70052,57.129,25.019,0,473.16,4982.7,0,81.057,556.12,103.05,19.423,213.21,147.3,44.424,3.7208,27221,28767,3609.1,9163.2,207.48
3,133.39,306.99,25.327,214,74.665,54.898,124.26,5846.4,48.806,1798,10138,0.001522,3376.8,4906.6,3105,5484.3,710.53,75279,1.1996e+05,17750,1.2363e+05,447.32
4,2.4554,121.92,13.429,61.291,18.907,0,766.08,2094.8,0,134.15,921.62,1.2944,278.51,713.07,285.2,4490.6,84.543,2257.7,2857.7,16962,6984.3,40.104
5,74.449,461.55,161.27,28.677,8.021,0.10811,4025.7,3393.9,0,121.46,968.17,0,7278.2,759.99,4510.2,27505,5305.8,15477,17167,67830,29138,128.46
6,5.277,329.83,0.57742,10.322,16.182,0,32.997,1047.5,0,127.38,450.08,0.79499,18.504,39.31,194.12,5.4875,0.51316,22491,17875,147.95,2626.6,15.215
7,18.594,132.31,1.4629,4.087,0.087973,0.028728,0.88587,14.055,0,827.48,1564.8,0,151.23,300.99,482.31,74.84,13.516,13046,52133,956.24,8486.6,30.071
8,0.018851,2.2573,0,0.0036862,0.005605,0,0.32674,24.9,0,0,5.1343,1.0725,0.27546,2.8089,2.2419,0.068671,0,124.63,996.64,0.6243,164.56,5.5703
9,0,1.7275,0,0,0,0,0,0.019256,0,0.0073529,0.69089,0.21766,0.018842,0,1.4172,0,0,43.984,4.3006,0,1.2679,0
9999,278.38,1758.7,209.03,422.03,173.45,55.111,6120.3,24132,48.806,3738.7,15851,405.24,12035,8336.3,9858,44150,6685.4,2.1779e+05,2.8776e+05,1.3689e+05,2.151e+05,1280.4
