Title,Tree cover
Regions,States & Territories
Description,Percent of area classified as forest at 30 metre resolution mapping using Landsat imagery following the NCAS classification.
InputFile,/au/treecover/250m/ANUWALD.TreeCover.AllYears.250m.nc
RegionShapefile,states4326
RegionCode,STATE_CODE
RegionLabels,See file STATE_CODE.csv to match RegionCode to region name.
ColumnLabels,See file DLCD_codes.csv to match ColumnID to category name.
Units,km2
NoDataValue,-9999
Produced,20-Mar-2016 15:47:46
AuthorEmail,albert.vandijk@anu.edu.au
------------------------------------------ 
-9999,0001,0003,0004,0005,0006,0007,0008,0009,0010,0011,0014,0015,0016,0018,0019,0024,0025,0031,0032,0033,0034,0035
1,41.897,289.93,20.584,51.38,36.643,0.10625,895.14,7389.2,0,827.19,1630.7,473.8,1788.7,1636.4,2081.4,8854.6,1026,60921,48106,29232,35118,464.67
2,13.69,182.42,0.88015,42.73,25.524,0,433.36,3914.6,0,76.539,544.41,185,31.832,216.11,153.44,70.034,3.6563,26774,28610,6083.6,10604,252.98
3,146,362.14,67.206,300.64,85.9,83.439,187.03,6650.9,57.647,1926,15875,0.00042898,5047.4,11426,8287.2,8210.4,1889.8,75413,1.2101e+05,22896,1.2951e+05,523.62
4,3.7131,122.64,22.069,38.16,10.779,0,731.14,1913.5,0,128.39,933.28,0.93649,625.19,693,620.61,6526.6,324.18,1789.9,2790.5,18967,7482.1,81.963
5,127.55,527.82,246.69,36.174,10.398,0.01542,5051.7,3486.9,0,135.77,1266.3,0,16179,1082.2,24903,46066,16010,15066,16709,74844,30810,233.28
6,6.6426,369.23,0.72623,14.947,17.313,0,53.712,1273.1,0,202.94,482.32,0.80439,28.113,47.522,219.11,7.4319,0.52258,21867,18784,163.08,2973.9,37.708
7,23.434,134.92,1.5743,2.7779,0.20003,0.047872,0.70702,9.6877,0,922.99,2093.9,0,556.42,583.68,1230.2,224.31,83.755,12828,51181,1252.9,8994.6,29.728
8,0.16139,3.9881,0,0.057033,0.080577,0,0.4472,58.407,0,0,6.0902,1.3498,0.4727,3.0167,3.6819,0.20033,0.054643,129.6,1034.5,1.268,192.67,47.942
9,0,1.757,0,0,0,0,0,0.027034,0,0.0067242,0.69945,0.21789,0.021732,0,1.45,0,0,43.489,4.3571,0,1.3008,0
9999,363.09,1994.8,359.73,486.87,186.84,83.608,7353.2,24696,57.647,4219.8,22833,662.11,24257,15688,37500,69960,19338,2.1483e+05,2.8823e+05,1.5344e+05,2.2569e+05,1671.9
