Title,Tree cover
Regions,States & Territories
Description,Percent of area classified as forest at 30 metre resolution mapping using Landsat imagery following the NCAS classification.
InputFile,/au/treecover/250m/ANUWALD.TreeCover.AllYears.250m.nc
RegionShapefile,states4326
RegionCode,STATE_CODE
RegionLabels,See file STATE_CODE.csv to match RegionCode to region name.
ColumnLabels,See file DLCD_codes.csv to match ColumnID to category name.
Units,km2
NoDataValue,-9999
Produced,20-Mar-2016 15:02:03
AuthorEmail,albert.vandijk@anu.edu.au
------------------------------------------ 
-9999,0001,0003,0004,0005,0006,0007,0008,0009,0010,0011,0014,0015,0016,0018,0019,0024,0025,0031,0032,0033,0034,0035
1,36.636,234.13,6.2699,38.452,27.274,0.041624,609.19,5829.8,0,701.45,1220,504.03,1354.3,1533.8,1820.1,7713.5,811.28,60601,46463,27796,32830,273.32
2,13.482,194.62,0.91444,35.177,20.982,0,355.23,3301.1,0,95.068,536.93,199.94,29.066,291.25,173.77,94.282,6.5648,26598,28480,5550.7,10043,164.77
3,235.4,360.34,36.78,329.82,89.845,124.76,399.48,7067,73.956,1968.3,25360,0.00013004,4257.6,15855,7754.6,7908.2,1713.2,74611,1.2056e+05,23437,1.344e+05,326.9
4,4.8594,109.56,13.698,17.231,6.0127,0,713.42,1581.4,0,126.1,899.07,0.77489,640.68,745.88,555.07,6404.3,355.06,1708.5,2763.8,18089,7743.6,25.818
5,227.86,495.94,229.4,28.241,9.9307,0,5229.3,3415.2,0,149.13,1172.9,0,15251,1113.6,22472,46446,15543,14868,15668,76344,30669,154.48
6,7.4935,461.34,0.81774,15.48,18.027,0,56.188,1438,0,217.13,493.63,1.103,29.713,50.237,232.69,7.8845,0.55322,22407,19471,170.37,3108,28.682
7,29.245,90.483,0.80069,2.5868,0.25475,0.063383,0.73534,15.92,0,781.04,1957.9,0,513.3,576.04,1192.6,170.2,82.488,12626,50712,1124.3,7842.5,2.8994
8,0.023323,2.5483,0,0.049421,0.083871,0,0.41846,37.456,0,0,5.7025,1.4492,0.35722,2.7937,2.848,0.12212,0.050386,130.06,999.64,0.86164,176.15,1.4555
9,0,1.5865,0,0,0,0,0,0.022052,0,0.0073261,0.72401,0.21521,0.019879,0,1.3665,0,0,40.865,3.9919,0,1.1733,0
9999,555,1950.5,288.68,467.04,172.41,124.86,7364,22686,73.956,4038.2,31647,707.51,22076,20169,34205,68745,18513,2.1359e+05,2.8512e+05,1.5251e+05,2.2681e+05,978.31
