Title,Tree cover
Regions,States & Territories
Description,Percent of area classified as forest at 30 metre resolution mapping using Landsat imagery following the NCAS classification.
InputFile,/au/treecover/250m/ANUWALD.TreeCover.AllYears.250m.nc
RegionShapefile,states4326
RegionCode,STATE_CODE
RegionLabels,See file STATE_CODE.csv to match RegionCode to region name.
ColumnLabels,See file DLCD_codes.csv to match ColumnID to category name.
Units,km2
NoDataValue,-9999
Produced,20-Mar-2016 16:18:16
AuthorEmail,albert.vandijk@anu.edu.au
------------------------------------------ 
-9999,0001,0003,0004,0005,0006,0007,0008,0009,0010,0011,0014,0015,0016,0018,0019,0024,0025,0031,0032,0033,0034,0035
1,39.586,320.17,16.202,55.559,36.983,0.13822,827.04,7554.9,0,673.38,1376.5,394.52,1637,1416.8,1765.8,8125.5,888.97,61681,47976,29647,34778,440.83
2,13.759,199.84,0.88141,70.688,35.057,0,470.02,4525.1,0,82.231,548.19,143.28,32.199,211.65,156.78,75.415,3.4074,27200,28738,5285.9,9815.7,254.3
3,96.041,362.49,48.787,253.93,84.794,68.567,121.13,5850.2,50.367,1763,10519,0.001093,6241.4,6981.1,8378.7,8724.2,2046.2,75323,1.1812e+05,20932,1.1555e+05,503.98
4,3.1418,135.67,16.993,54.961,13.863,0,730.02,2052.5,0,139.27,938.76,1.0447,531.58,664.32,517.66,5986.4,227.33,2074.2,2920.6,18409,7257.2,56.278
5,89.454,508.58,223.86,45.14,14.397,0.054326,5105.8,3727.6,0,154.7,1369,0,14028,1062.2,24432,41971,15985,15619,17905,68992,29867,240.85
6,5.7073,368.03,0.68149,14.359,17.28,0,54.075,1194.7,0,190.08,477.38,0.82739,28.287,47.04,219.72,7.5037,0.59744,22152,18745,166.95,2988.2,28.165
7,19.397,136.04,1.5449,4.0251,0.19344,0.050955,1.102,16.749,0,903.87,2009.5,0,578.02,458.12,1162.4,219.08,79.733,13055,52394,1136.6,8900.2,32.286
8,0.17609,3.7745,0,0.079623,0.12536,0,0.27962,33.709,0,0,5.5814,1.1054,0.39364,2.9501,3.0396,0.11371,0.00025882,114.38,988.26,1.0179,177.7,40.059
9,0,1.7789,0,0,0,0,0,0.033517,0,0.0063273,0.70734,0.21825,0.022559,0,1.4589,0,0,44.381,4.4594,0,1.327,0
9999,267.26,2036.4,308.95,498.74,202.69,68.81,7309.5,24956,50.367,3906.5,17244,540.99,23077,10844,36638,65109,19232,2.1726e+05,2.8779e+05,1.4457e+05,2.0933e+05,1596.7
