Title,Tree cover
Regions,States & Territories
Description,Percent of area classified as forest at 30 metre resolution mapping using Landsat imagery following the NCAS classification.
InputFile,/au/treecover/250m/ANUWALD.TreeCover.AllYears.250m.nc
RegionShapefile,states4326
RegionCode,STATE_CODE
RegionLabels,See file STATE_CODE.csv to match RegionCode to region name.
ColumnLabels,See file DLCD_codes.csv to match ColumnID to category name.
Units,km2
NoDataValue,-9999
Produced,20-Mar-2016 16:41:00
AuthorEmail,albert.vandijk@anu.edu.au
------------------------------------------ 
-9999,0001,0003,0004,0005,0006,0007,0008,0009,0010,0011,0014,0015,0016,0018,0019,0024,0025,0031,0032,0033,0034,0035
1,38.009,254.35,8.3819,78.676,37.256,0.091672,793.77,7769.9,0,571.79,1276.3,354.26,1432.5,1370.8,1436.2,7845.4,733.33,61755,47677,29839,34423,469.62
2,13.306,203.41,0.82869,95.925,49.502,0,500.11,4576.1,0,77.043,540.48,112.2,31.061,194.42,147.66,64.315,2.9566,26969,28303,4735,9463.6,267.93
3,98.788,309.58,28.172,237.3,82.376,67.006,122.86,5725.2,47.982,1684.8,9356.1,0.001093,3667.5,4821.4,3369.2,5811.9,741,74749,1.1908e+05,18248,1.1557e+05,462.72
4,2.8789,116.54,12.995,54.217,13.802,0,751.3,1956.3,0,105.33,906.18,0.73721,434.7,617.27,309.63,5793.8,195.09,2052.2,2600.3,17228,6602.6,50.93
5,86.097,474.88,201.32,41.794,12.088,0.092264,4944.6,3681.4,0,139.08,1253.8,0,13274,962.38,20837,39039,15789,15567,18200,67170,29819,183.68
6,5.3833,347.09,0.61913,14.427,17.078,0,50.157,1123.2,0,134.45,459.12,0.81908,26.151,43.077,205.97,6.9812,0.60826,22008,17923,164.77,2743.7,25.601
7,17.285,135.97,1.403,4.2717,0.16196,0.041789,0.97739,14.504,0,905.48,1833,0,38.375,68.693,218.33,11.64,1.2427,13124,53226,131.25,6907,32.771
8,0.11348,3.3412,0,0.07289,0.10634,0,0.29983,26.333,0,0,5.337,0.85672,0.3577,2.8577,2.791,0.098833,9.1466e-06,114.88,974.34,0.87471,167.46,31.315
9,0,1.7294,0,0,0,0,0,0.023871,0,0.0061402,0.65945,0.21743,0.022905,0,1.4058,0,0,44.059,4.3879,0,1.3094,0
9999,261.86,1846.9,253.72,526.69,212.37,67.231,7164,24873,47.982,3618,15631,469.09,18905,8080.9,26528,58573,17464,2.1638e+05,2.8799e+05,1.3752e+05,2.0569e+05,1524.6
