Title,Tree cover
Regions,States & Territories
Description,Percent of area classified as forest at 30 metre resolution mapping using Landsat imagery following the NCAS classification.
InputFile,/au/treecover/250m/ANUWALD.TreeCover.AllYears.250m.nc
RegionShapefile,states4326
RegionCode,STATE_CODE
RegionLabels,See file STATE_CODE.csv to match RegionCode to region name.
ColumnLabels,See file DLCD_codes.csv to match ColumnID to category name.
Units,km2
NoDataValue,-9999
Produced,20-Mar-2016 16:02:59
AuthorEmail,albert.vandijk@anu.edu.au
------------------------------------------ 
-9999,0001,0003,0004,0005,0006,0007,0008,0009,0010,0011,0014,0015,0016,0018,0019,0024,0025,0031,0032,0033,0034,0035
1,39.635,303.73,13.384,47.311,35.718,0.10293,819.33,7125.2,0,744.66,1483.7,473.25,1749.5,1520,1955.2,8347,960.17,61282,47914,29030,34864,427.01
2,14.095,190.8,0.89392,50.507,28.118,0,433.85,4229.4,0,80.518,553.32,184.46,32.085,211.74,155.34,72.355,3.3657,27044,28758,5981.4,10626,287.03
3,106.02,387.2,75.754,261.48,84.251,72.477,138.03,6210.4,54.112,1910.5,12508,0.00054652,6418.4,9034.5,10052,9259.4,2406,75589,1.1987e+05,22106,1.2423e+05,553.41
4,3.3591,136.64,19.297,46.666,11.947,0,722.41,2038.3,0,144.42,930.61,1.0983,580.1,686.3,588.13,6207.3,268.86,1981.7,2880.2,18626,7304,81.063
5,99.897,527.33,242.59,42.545,13.701,0.048202,5172.9,3698.3,0,148.53,1389.7,0,14889,1080.1,24896,44200,15942,15434,17572,73618,31528,259.99
6,6.0012,366.79,0.70104,14.702,17.263,0,53.753,1247.6,0,197.82,481,0.806,28.182,47.411,219.62,7.5147,0.55519,22151,18845,165.24,2984.2,32.297
7,19.968,134.92,1.5026,2.8174,0.19594,0.044854,0.83428,12.775,0,944.25,2098.5,0,559.85,525.29,1196.7,216.23,84.109,12985,51773,1164.5,8980.6,30.692
8,0.18685,4.2404,0,0.086473,0.14091,0,0.36239,62.488,0,0,6.203,1.5195,0.46134,3.0312,3.7111,0.19745,0.053281,132.88,1052.2,1.3396,199.31,47.939
9,0,1.7863,0,0,0,0,0,0.026978,0,0.0078453,0.71897,0.21836,0.022077,0,1.4644,0,0,44.006,4.4385,0,1.3107,0
9999,289.17,2053.4,354.12,466.11,191.34,72.673,7341.5,24624,54.112,4170.7,19452,661.36,24258,13108,39068,68310,19665,2.1664e+05,2.8867e+05,1.5069e+05,2.2071e+05,1719.4
