Title,Tree cover
Regions,States & Territories
Description,Percent of area classified as forest at 30 metre resolution mapping using Landsat imagery following the NCAS classification.
InputFile,/au/treecover/250m/ANUWALD.TreeCover.AllYears.250m.nc
RegionShapefile,states4326
RegionCode,STATE_CODE
RegionLabels,See file STATE_CODE.csv to match RegionCode to region name.
ColumnLabels,See file DLCD_codes.csv to match ColumnID to category name.
Units,km2
NoDataValue,-9999
Produced,20-Mar-2016 17:18:50
AuthorEmail,albert.vandijk@anu.edu.au
------------------------------------------ 
-9999,0001,0003,0004,0005,0006,0007,0008,0009,0010,0011,0014,0015,0016,0018,0019,0024,0025,0031,0032,0033,0034,0035
1,32.341,233.62,7.3542,51.945,31.661,0.083533,744.12,6930.1,0,673.39,1297,298.65,1151.5,1484.8,1323.8,7363.4,694.51,61763,47994,30179,35071,422.68
2,13.248,178.89,0.71432,63.611,28.02,0,509.12,5129.5,0,84.09,566.53,100.21,19.793,224.25,153.77,46.447,4.2642,27212,28739,3706.3,9339.4,220.83
3,136.55,321.34,30.973,226.33,76.304,58.782,134.74,5945.2,50.29,1906.9,10442,0.0015337,3862.2,5279.1,3700.9,6134.5,892.77,75092,1.1977e+05,18534,1.2499e+05,461.84
4,2.5337,128.21,15.313,67.726,20.392,0,796.35,2190.4,0,141.76,952.48,1.4172,376.72,749.8,337.21,5269.8,126.94,2266.4,2861,17303,7094.8,43.522
5,75.518,478.16,168.79,29.446,8.1848,0.10576,4255.3,3452.3,0,123.14,1020.9,0,7839.4,830.61,5493.4,29026,6165.4,15482,17354,68234,29563,139.8
6,5.3173,329.79,0.5732,10.804,16.361,0,33.273,1055.3,0,127.06,449.16,0.79224,18.527,38.982,193.1,5.5119,0.51458,22427,17792,146.73,2608.6,16.051
7,18.786,135.93,1.6277,4.522,0.087973,0.038014,0.93744,14.443,0,837.19,1632.8,0,216.12,323.8,539.09,118.02,21.755,13001,52320,1000.6,8869.1,30.46
8,0.027162,2.3317,0,0.0042399,0.006365,0,0.33061,25.553,0,0,5.1505,1.0444,0.28088,2.8105,2.2975,0.072808,0,124.07,995.24,0.64486,164.52,7.1859
9,0,1.7194,0,0,0,0,0,0.019883,0,0.0067599,0.68862,0.21798,0.018978,0,1.4208,0,0,44.021,4.299,0,1.2679,0
9999,284.32,1810,225.35,454.38,181.02,59.009,6474.2,24743,50.29,3893.5,16367,402.33,13485,8934.2,11745,47964,7906.2,2.1741e+05,2.8783e+05,1.391e+05,2.177e+05,1342.4
