Title,Tree cover
Regions,States & Territories
Description,Percent of area classified as forest at 30 metre resolution mapping using Landsat imagery following the NCAS classification.
InputFile,/au/treecover/250m/ANUWALD.TreeCover.AllYears.250m.nc
RegionShapefile,states4326
RegionCode,STATE_CODE
RegionLabels,See file STATE_CODE.csv to match RegionCode to region name.
ColumnLabels,See file DLCD_codes.csv to match ColumnID to category name.
Units,km2
NoDataValue,-9999
Produced,20-Mar-2016 16:56:09
AuthorEmail,albert.vandijk@anu.edu.au
------------------------------------------ 
-9999,0001,0003,0004,0005,0006,0007,0008,0009,0010,0011,0014,0015,0016,0018,0019,0024,0025,0031,0032,0033,0034,0035
1,40.625,261.57,17.638,83.222,38.054,0.099063,850.77,7883.2,0,646.33,1370.9,341.14,1575.9,1485.1,1853,8210.2,891.84,61912,47911,30434,34985,475.24
2,13.094,206.51,0.84356,93.08,45.146,0,536.72,5027.2,0,85.119,547.15,93.376,27.187,188.67,148.91,52.885,3.0476,26869,28204,3929.2,9164.1,230.7
3,119.3,380.54,83.647,237.43,83.428,71.804,127.29,5874.3,49.65,2008.4,10153,0.0011165,5813.4,6081.5,8788.2,8046,2167,74390,1.1814e+05,20060,1.2274e+05,485.42
4,2.9073,138.36,26.785,63.543,18.341,0,861.42,2205.4,0,129.26,979.79,1.1177,472.69,719.57,536.05,5820,206.04,2165.1,2717.3,17628,6894.4,51.642
5,86.959,518.98,213.68,38.02,10.648,0.088302,4923.2,3701,0,137.33,1189.1,0,13380,1007.3,24798,39170,16617,15545,18065,68803,30569,186.25
6,5.1982,350.64,0.60299,13.314,16.895,0,49.285,1078.9,0,143.84,459.13,0.80528,25.741,42.769,205.03,6.9362,0.60774,21954,17752,162.81,2723.3,22.466
7,19.05,152.73,2.4169,4.0309,0.10901,0.037216,1.0195,14.424,0,894.16,1752.3,0,655.32,415.68,1218.2,288.49,94.738,13180,54190,1159.4,9708.3,32.297
8,0.088917,3.3,0,0.060438,0.085741,0,0.32921,24.498,0,0,5.3343,0.88434,0.34634,2.8384,2.6909,0.088919,9.1466e-06,117.04,976.88,0.83333,165.06,18.544
9,0,1.713,0,0,0,0,0,0.02502,0,0.0061895,0.66599,0.21686,0.022905,0,1.4075,0,0,44.12,4.3686,0,1.3025,0
9999,287.22,2014.4,345.62,532.7,212.71,72.028,7350,25809,49.65,4044.5,16457,437.54,21951,9943.4,37552,61594,19981,2.1618e+05,2.8796e+05,1.4218e+05,2.1695e+05,1502.6
