Title,Tree cover
Regions,States & Territories
Description,Percent of area classified as forest at 30 metre resolution mapping using Landsat imagery following the NCAS classification.
InputFile,/au/treecover/250m/ANUWALD.TreeCover.AllYears.250m.nc
RegionShapefile,states4326
RegionCode,STATE_CODE
RegionLabels,See file STATE_CODE.csv to match RegionCode to region name.
ColumnLabels,See file DLCD_codes.csv to match ColumnID to category name.
Units,km2
NoDataValue,-9999
Produced,20-Mar-2016 16:48:33
AuthorEmail,albert.vandijk@anu.edu.au
------------------------------------------ 
-9999,0001,0003,0004,0005,0006,0007,0008,0009,0010,0011,0014,0015,0016,0018,0019,0024,0025,0031,0032,0033,0034,0035
1,39.398,255.95,8.7055,83.586,38.261,0.096906,812.99,7889.6,0,594.09,1306.4,349.26,1453.4,1387,1456,7843.5,752.23,61904,47858,29954,34730,476.03
2,13.313,204.13,0.82412,96.313,48.105,0,523.73,4856.3,0,79.295,544.25,106.84,28.418,186.63,143.76,55.011,2.6018,26962,28315,4186,9252.4,247.05
3,109.43,319.14,30.683,244.6,84.728,76.233,122.39,5835.7,49.189,1700.7,9337.5,0.0011165,3583.9,4766.5,3326.3,5713.3,743.36,74589,1.1914e+05,18173,1.1852e+05,473.38
4,2.8387,120.5,13.302,57.666,15.866,0,816.77,2047.9,0,108.36,940.59,0.90494,429.25,650.33,313.85,5741.7,189.46,2100.4,2617.7,17318,6699.7,51.124
5,85.764,475.57,200.71,40.63,11.393,0.088927,4949.6,3710.8,0,134.71,1207.3,0,13234,960.27,21020,39050,15955,15530,18187,67823,30313,181.79
6,5.3042,346.44,0.60753,13.884,16.759,0,49.316,1100.9,0,133.93,457.86,0.81247,25.825,42.494,204.77,6.9254,0.60029,21964,17777,164.14,2715.2,24.076
7,18.752,136.73,1.2485,4.0062,0.10411,0.039681,0.95231,14.181,0,865.75,1799.9,0,38.14,68.565,220.46,11.52,1.2241,13158,54301,134.09,7234.9,32.808
8,0.10904,3.4016,0,0.067492,0.09918,0,0.32423,26.328,0,0,5.3628,0.86119,0.36102,2.858,2.7825,0.09831,9.1466e-06,116.26,977.91,0.87246,167.25,28.259
9,0,1.7275,0,0,0,0,0,0.025861,0,0.0061895,0.66642,0.21733,0.022769,0,1.4079,0,0,44.2,4.3982,0,1.3108,0
9999,274.91,1863.6,256.08,540.75,215.31,76.458,7276.1,25482,49.189,3616.8,15600,458.89,18793,8064.6,26689,58422,17645,2.1637e+05,2.8918e+05,1.3775e+05,2.0964e+05,1514.5
