Title,Tree cover
Regions,States & Territories
Description,Percent of area classified as forest at 30 metre resolution mapping using Landsat imagery following the NCAS classification.
InputFile,/au/treecover/250m/ANUWALD.TreeCover.AllYears.250m.nc
RegionShapefile,states4326
RegionCode,STATE_CODE
RegionLabels,See file STATE_CODE.csv to match RegionCode to region name.
ColumnLabels,See file DLCD_codes.csv to match ColumnID to category name.
Units,km2
NoDataValue,-9999
Produced,20-Mar-2016 14:46:46
AuthorEmail,albert.vandijk@anu.edu.au
------------------------------------------ 
-9999,0001,0003,0004,0005,0006,0007,0008,0009,0010,0011,0014,0015,0016,0018,0019,0024,0025,0031,0032,0033,0034,0035
1,43.777,330.38,24.608,102.4,35.074,0.23414,1603,8200.1,0,966.08,1826.6,461.94,1269.1,2167.1,2727,7835.6,1019.9,59723,45379,27792,32643,425.17
2,18.966,249.34,0.95791,58.763,32.901,0,601.2,4085.3,0,108.16,625.47,203.9,32.881,355.48,208.22,102.5,9.6065,26403,28304,6511.2,11115,221.71
3,412.05,497.12,67.434,560,121.18,257.21,1189.8,9943.9,89.644,2257.4,37814,0,4764.2,21986,10983,8535,2221.8,73907,1.2059e+05,24738,1.4219e+05,503.88
4,6.8903,215.41,28.981,30.026,8.1322,0,1847.2,2511.7,0,259.02,1754.5,1.2181,1176.5,1193.1,1861.7,7331.5,940.36,1668.1,2715.2,17870,8475.1,28.572
5,283.6,600.87,314.92,38.086,15.473,0,13369,5268.5,0,171.5,1830.8,0,16176,1855.8,28601,50278,17749,14994,16360,76817,32936,277.27
6,7.9488,493.7,0.84196,35.648,23.976,0,57.714,1857.3,0,218.91,496.66,1.3264,30.312,50.562,238.37,8.2094,0.5702,22186,19541,175.64,3133.9,43.155
7,28.838,107.38,1.8504,6.3672,0.21837,0.070492,2.2831,15.675,0,626.74,1910.6,0,500.3,748.93,1478.6,149.95,128.83,12259,47123,1546.5,8581.5,12.581
8,0.13885,2.9137,0,0.054419,0.048594,0,0.35424,45.275,0,0,5.9133,1.5256,0.41705,2.8907,3.1414,0.17784,0.037536,133.72,1002.3,1.1422,181.23,20.652
9,0,1.8306,0,0,0,0,0,0.029093,0,0.011688,0.73917,0.21956,0.020151,0,1.4767,0,0,43.202,4.583,0,1.2961,0
9999,802.22,2498.9,439.59,831.35,237,257.51,18671,31928,89.644,4607.8,46266,670.13,23950,28360,46102,74240,22070,2.1132e+05,2.8102e+05,1.5545e+05,2.3926e+05,1533
