Title,Tree cover
Regions,States & Territories
Description,Percent of area classified as forest at 30 metre resolution mapping using Landsat imagery following the NCAS classification.
InputFile,/au/treecover/250m/ANUWALD.TreeCover.AllYears.250m.nc
RegionShapefile,states4326
RegionCode,STATE_CODE
RegionLabels,See file STATE_CODE.csv to match RegionCode to region name.
ColumnLabels,See file DLCD_codes.csv to match ColumnID to category name.
Units,km2
NoDataValue,-9999
Produced,20-Mar-2016 17:11:14
AuthorEmail,albert.vandijk@anu.edu.au
------------------------------------------ 
-9999,0001,0003,0004,0005,0006,0007,0008,0009,0010,0011,0014,0015,0016,0018,0019,0024,0025,0031,0032,0033,0034,0035
1,41.866,263.61,9.0355,70.583,37.039,0.09116,915.64,7737.8,0,717.39,1421.2,300.2,1593,1639.5,1752.4,8196.2,884.96,61474,47904,30628,35412,482.07
2,14.726,199.74,0.78266,91.404,40.14,0,627.54,5594.9,0,95.455,586.15,95.899,22.715,246.7,173.5,51.239,5.9457,27096,28535,3718.2,9346.1,265.46
3,137.71,320.97,49.665,234.8,80.101,65.536,158.98,6057.6,53.108,1789.6,10351,0.001663,3912.3,5172.8,3529.1,6125.9,846.57,74064,1.1721e+05,19128,1.2756e+05,505.41
4,2.8794,137.29,15.238,73.157,22.337,0,908.13,2390.1,0,144.09,1009.8,1.5447,427.33,780.26,373.82,5585.7,171.7,2272.6,2856.9,17313,7067.4,54.56
5,85.232,489.17,217.68,34.672,9.6279,0.14288,5051.2,3691.1,0,119.82,1174.9,0,12580,996.72,22524,38835,16635,15466,17703,70361,30954,188.76
6,5.2557,345.1,0.58438,13.16,17.912,0,47.429,1081.8,0,145.34,458.83,0.78128,24.655,42.207,202.6,6.6567,0.58609,22117,17774,158.8,2711.1,20.648
7,19.618,135.12,1.0997,4.2897,0.092006,0.038482,1.1289,15.075,0,854.62,1721.5,0,39.341,68.07,223.29,11.651,1.2606,13122,53760,141.2,7332.6,32.092
8,0.082207,3.0838,0,0.04208,0.048551,0,0.33829,27.632,0,0,5.2671,0.94987,0.32036,2.8296,2.5385,0.084327,0,120.27,990.62,0.77795,166.31,13.203
9,0,1.7065,0,0,0,0,0,0.023158,0,0.0062523,0.66444,0.21721,0.02304,0,1.4126,0,0,44.106,4.3652,0,1.2993,0
9999,307.37,1895.8,294.08,522.11,207.3,65.809,7710.4,26596,53.108,3866.3,16729,399.6,18600,8949.1,28782,58812,18546,2.1578e+05,2.8673e+05,1.4145e+05,2.2055e+05,1562.2
