Title,Tree cover
Regions,States & Territories
Description,Percent of area classified as forest at 30 metre resolution mapping using Landsat imagery following the NCAS classification.
InputFile,/au/treecover/250m/ANUWALD.TreeCover.AllYears.250m.nc
RegionShapefile,states4326
RegionCode,STATE_CODE
RegionLabels,See file STATE_CODE.csv to match RegionCode to region name.
ColumnLabels,See file DLCD_codes.csv to match ColumnID to category name.
Units,km2
NoDataValue,-9999
Produced,20-Mar-2016 17:34:00
AuthorEmail,albert.vandijk@anu.edu.au
------------------------------------------ 
-9999,0001,0003,0004,0005,0006,0007,0008,0009,0010,0011,0014,0015,0016,0018,0019,0024,0025,0031,0032,0033,0034,0035
1,30.785,220.96,5.1925,43.435,29.792,0.073306,657,6588.2,0,617.81,1198.5,300.55,808.81,1322.9,1023,6078,506.15,61906,47913,29205,34692,391.42
2,12.516,172.23,0.68889,52.201,23.06,0,447.15,4862,0,78.422,547.61,105.46,19.202,205.22,142.03,41.993,3.3355,27216,28761,3527.6,9057,196.32
3,129.43,297.27,20.183,207.05,73.604,52.963,118.67,5760.6,48.503,1712.7,9801.4,0.00054652,2795.5,4410.4,2524.9,4755.4,540.25,75316,1.1984e+05,16688,1.214e+05,435.6
4,2.3707,117.53,12.304,56.498,17.663,0,739.09,2041.5,0,129.95,901.95,1.2376,241.89,687.99,256.3,4207,69.495,2243.8,2843,16606,6830.3,37.72
5,73.748,454.4,156.26,28.033,7.8337,0.10775,3891,3339.3,0,120.29,931.92,0,6609.6,721.99,3838,25671,4403.8,15468,16969,66831,28667,118.92
6,5.2864,329.06,0.57721,10.152,15.963,0,32.937,1043.2,0,122.28,450.06,0.79477,18.517,39.356,194.37,5.4588,0.51236,22502,17816,148.6,2621.7,14.644
7,18.293,129.55,1.2643,3.8678,0.089211,0.028182,0.83535,13.758,0,826.42,1506.9,0,129.66,286.89,450.44,61.666,9.8111,13045,51866,921.72,8153.5,29.675
8,0.017549,2.2033,0,0.002185,0.0029056,0,0.3136,24.621,0,0,5.1169,1.0867,0.26967,2.8075,2.2136,0.066549,0,125.01,993.94,0.60337,163.98,4.3163
9,0,1.7279,0,0,0,0,0,0.019256,0,0.0073529,0.69091,0.21747,0.018706,0,1.4169,0,0,44.012,4.299,0,1.2676,0
9999,272.45,1724.9,196.47,401.24,168.01,53.172,5887,23673,48.503,3607.9,15344,409.34,10623,7677.6,8432.6,40820,5533.4,2.1787e+05,2.8701e+05,1.3393e+05,2.1159e+05,1228.6
