Title,Tree cover
Regions,States & Territories
Description,Percent of area classified as forest at 30 metre resolution mapping using Landsat imagery following the NCAS classification.
InputFile,/au/treecover/250m/ANUWALD.TreeCover.AllYears.250m.nc
RegionShapefile,states4326
RegionCode,STATE_CODE
RegionLabels,See file STATE_CODE.csv to match RegionCode to region name.
ColumnLabels,See file DLCD_codes.csv to match ColumnID to category name.
Units,km2
NoDataValue,-9999
Produced,20-Mar-2016 15:32:31
AuthorEmail,albert.vandijk@anu.edu.au
------------------------------------------ 
-9999,0001,0003,0004,0005,0006,0007,0008,0009,0010,0011,0014,0015,0016,0018,0019,0024,0025,0031,0032,0033,0034,0035
1,50.564,262.36,19.494,54.978,36.919,0.10139,851.75,7527.5,0,820.57,1545.5,471.38,1653.7,1616.9,1965.1,8409.5,945.84,60740,47893,28570,34465,436.52
2,14.536,187.29,0.91457,46.524,28.209,0,405.89,3946.4,0,88.468,537.96,179.29,30.006,213.51,155.36,67.197,3.8687,26653,28577,5644.6,10081,286.86
3,188.88,361.27,45.207,353.84,89.618,118.43,253.49,6995.5,64.146,1958.3,19170,0.0038674,4889.4,13416,8662.7,8431.3,1985.3,74996,1.2119e+05,23611,1.3088e+05,486.04
4,3.0038,109.77,17.381,33.685,10.069,0,707.19,1753.9,0,118.74,879.89,0.78079,683.86,660.93,787.67,6625.8,411.71,1753.1,2759.8,17952,6810.7,73.152
5,176.17,555.95,270.62,32.694,10.35,0.00072672,5339.6,3400.6,0,137.49,1196.6,0,16365,1160.9,23559,47064,15670,14855,15822,76991,29938,220.56
6,7.3451,395.28,0.79477,15.24,18.848,0,54.333,1350.8,0,206.01,485.36,0.83547,28.646,47.982,224.36,7.4906,0.54665,22078,18985,163.97,2998.9,45.835
7,26.135,138.51,1.795,2.3545,0.20912,0.073929,0.54234,10.06,0,881.06,1968.5,0,561.79,538.1,1200.2,228.54,87.294,12747,50638,1149.9,8407.7,24.857
8,0.16269,3.818,0,0.058855,0.088395,0,0.44896,52.004,0,0,5.8926,1.1324,0.45081,2.9624,3.5768,0.19324,0.054125,129.15,1021,1.197,187.43,36.431
9,0,1.7475,0,0,0,0,0,0.02791,0,0.0068274,0.6735,0.21497,0.021732,0,1.3528,0,0,43.274,4.3718,0,1.2972,0
9999,466.8,2016,356.21,539.38,194.31,118.6,7613.2,25037,64.146,4210.7,25791,653.64,24213,17657,36559,70834,19104,2.1399e+05,2.8689e+05,1.5408e+05,2.2377e+05,1610.3
