Title,Tree cover
Regions,States & Territories
Description,Percent of area classified as forest at 30 metre resolution mapping using Landsat imagery following the NCAS classification.
InputFile,/au/treecover/250m/ANUWALD.TreeCover.AllYears.250m.nc
RegionShapefile,states4326
RegionCode,STATE_CODE
RegionLabels,See file STATE_CODE.csv to match RegionCode to region name.
ColumnLabels,See file DLCD_codes.csv to match ColumnID to category name.
Units,km2
NoDataValue,-9999
Produced,20-Mar-2016 15:09:41
AuthorEmail,albert.vandijk@anu.edu.au
------------------------------------------ 
-9999,0001,0003,0004,0005,0006,0007,0008,0009,0010,0011,0014,0015,0016,0018,0019,0024,0025,0031,0032,0033,0034,0035
1,38.595,228.74,7.0802,39.827,27.251,0.043768,584.53,6003.6,0,708.74,1217.2,486.44,1417.5,1431.5,1710.5,7844.3,811.78,60703,46818,28220,32937,285.94
2,12.329,192.48,0.90725,31.655,21.147,0,318.84,3278.2,0,94.659,515.51,189.09,27.811,238.64,159.46,77.978,4.8145,26607,28469,5199.6,9749.1,168.12
3,222.35,340.61,36.421,327.8,88.502,115,332.79,6891.6,70.323,1952.9,22631,0.00088506,4418.2,14426,7769.2,8012.9,1755.5,75019,1.1957e+05,23287,1.3193e+05,333.11
4,4.7373,109.13,13.902,24.967,8.3043,0,653.47,1629,0,117.56,846.36,0.68499,653.7,682.7,610.86,6444.9,372.35,1690.1,2763.3,17975,7118.4,32.705
5,203.99,501.87,227.66,28.151,9.2968,0,4986.3,3262.5,0,140.86,1135.6,0,15380,1112.9,22172,45944,15336,14820,15595,76608,30716,154.12
6,7.3338,462.83,0.83047,13.887,18.907,0,55.673,1340,0,216.29,492.82,0.98186,29.708,50.03,233.89,7.8389,0.55211,22391,19385,169.12,3088.5,30.679
7,28.708,102.1,0.93773,2.3486,0.24206,0.063534,0.57203,12.695,0,823.75,1944.1,0,559.3,545.2,1221.4,202.66,89.487,12627,50498,1093.7,7892.7,3.3666
8,0.016868,2.7912,0,0.054155,0.096269,0,0.4328,43.26,0,0,5.7923,1.4004,0.37758,2.817,2.9039,0.12817,0.05253,133.36,1011.3,0.87864,177.73,4.4837
9,0,1.5739,0,0,0,0,0,0.021762,0,0.0065056,0.68834,0.21453,0.021596,0,1.3195,0,0,40.712,3.9462,0,1.1719,0
9999,518.06,1942.1,287.73,468.69,173.75,115.11,6932.6,22461,70.323,4054.8,28789,678.81,22487,18490,33881,68535,18370,2.1403e+05,2.8411e+05,1.5255e+05,2.2361e+05,1012.5
