Title,Tree cover
Regions,States & Territories
Description,Percent of area classified as forest at 30 metre resolution mapping using Landsat imagery following the NCAS classification.
InputFile,/au/treecover/250m/ANUWALD.TreeCover.AllYears.250m.nc
RegionShapefile,states4326
RegionCode,STATE_CODE
RegionLabels,See file STATE_CODE.csv to match RegionCode to region name.
ColumnLabels,See file DLCD_codes.csv to match ColumnID to category name.
Units,km2
NoDataValue,-9999
Produced,20-Mar-2016 17:03:41
AuthorEmail,albert.vandijk@anu.edu.au
------------------------------------------ 
-9999,0001,0003,0004,0005,0006,0007,0008,0009,0010,0011,0014,0015,0016,0018,0019,0024,0025,0031,0032,0033,0034,0035
1,41.43,256.28,9.1721,74.432,37.269,0.091245,862.19,7790.6,0,681.26,1376.1,306.16,1552.2,1591.4,1692,8157.8,852.08,61628,47922,30493,35217,469.18
2,13.57,195.26,0.77788,86.943,39.873,0,568.13,5202.2,0,87.783,560.68,94.024,22.658,221.26,163.29,49.926,4.6465,26912,28301,3701,9197.2,231.63
3,129.5,321.37,46.841,232.76,81.734,68.002,135.31,5933.1,50.222,1763.3,9817.1,0.001663,3727.4,4953.7,3424.6,5916.5,796.23,74133,1.1721e+05,18819,1.2478e+05,501.21
4,2.8288,131.36,15.274,63.263,19.136,0,900.63,2269.7,0,130.37,1000,1.3605,428.27,736.85,347.56,5645.3,171.94,2229.3,2823.9,17354,6846.2,52.707
5,86.591,477.26,205.05,35.988,10.003,0.1437,4957.8,3683.2,0,125.33,1163.2,0,12343,968.43,21722,38253,16380,15497,17799,68023,30313,191.12
6,5.2386,351.79,0.58772,13.103,17.254,0,49.408,1081.7,0,152.2,461.48,0.7909,25.642,43.116,205.1,6.9111,0.61194,22015,17790,161.56,2741.2,21.082
7,19.298,133.55,1.2361,4.3088,0.098049,0.037878,1.1998,15.394,0,865.24,1699.1,0,37.873,67.005,219.96,11.185,1.2039,13153,53956,134.16,7265.3,32.176
8,0.083484,3.1712,0,0.045857,0.056507,0,0.33306,27.104,0,0,5.3155,0.90562,0.32675,2.8273,2.5817,0.089077,0,118.51,982.85,0.79179,165.36,15.31
9,0,1.7151,0,0,0,0,0,0.023874,0,0.0062523,0.66803,0.21736,0.02304,0,1.4213,0,0,44.08,4.3589,0,1.2993,0
9999,298.54,1871.8,278.94,510.85,205.42,68.274,7475,26003,50.222,3805.5,16084,403.46,18137,8584.6,27779,58040,18207,2.1573e+05,2.8679e+05,1.3869e+05,2.1653e+05,1514.4
