Title,Tree cover
Regions,States & Territories
Description,Percent of area classified as forest at 30 metre resolution mapping using Landsat imagery following the NCAS classification.
InputFile,/au/treecover/250m/ANUWALD.TreeCover.AllYears.250m.nc
RegionShapefile,states4326
RegionCode,STATE_CODE
RegionLabels,See file STATE_CODE.csv to match RegionCode to region name.
ColumnLabels,See file DLCD_codes.csv to match ColumnID to category name.
Units,km2
NoDataValue,-9999
Produced,20-Mar-2016 15:40:09
AuthorEmail,albert.vandijk@anu.edu.au
------------------------------------------ 
-9999,0001,0003,0004,0005,0006,0007,0008,0009,0010,0011,0014,0015,0016,0018,0019,0024,0025,0031,0032,0033,0034,0035
1,47.683,264.96,20.551,52.677,36.443,0.10715,897.17,7484.6,0,849.53,1638.1,471.77,1718.2,1670.6,2085.6,8812.8,1004.9,60835,48225,29248,35142,468.09
2,14.55,184.24,0.88794,43.277,26.867,0,422.33,3951.2,0,78.197,541.84,182.72,31.496,215.6,154.74,68.908,3.7386,26803,28636,6131,10546,296.49
3,172.71,370.1,44.91,342.62,88.9,104.76,235.73,6777,59.115,1954.1,17914,0.0067665,4965.7,12702,8641.3,8322.3,1977.9,75230,1.2109e+05,23279,1.3012e+05,508.7
4,3.3276,117.39,17.132,35.373,10.189,0,715.71,1863.4,0,126.85,917,1.014,606.56,666.01,601.32,6327.5,301.64,1816.9,2842.1,18363,7245.2,80.685
5,155.5,539.49,258.02,33.903,10.523,0.0036499,5193.8,3451.1,0,137.34,1241.9,0,16172,1097.8,24264,46430,15943,14953,16297,75259,30019,224.17
6,7.0458,384.18,0.78519,14.707,18.094,0,54.06,1309,0,204.78,483.63,0.81323,28.354,47.775,221.93,7.4588,0.53946,22009,18860,163.54,2988.1,41.466
7,24.362,133.38,1.5345,2.4786,0.20762,0.061237,0.54189,8.5909,0,917.22,2046.2,0,550.72,514.19,1173,219.83,80.604,12852,51017,1127.2,8518.1,27.872
8,0.16236,3.9389,0,0.058005,0.085393,0,0.45386,56.628,0,0,5.9925,1.2069,0.47077,3.0118,3.6919,0.19917,0.054643,129.44,1035.1,1.2584,191.63,46.006
9,0,1.6992,0,0,0,0,0,0.02707,0,0.0065281,0.65365,0.2152,0.021732,0,1.3747,0,0,43.233,4.3109,0,1.2985,0
9999,425.34,1999.4,343.82,525.09,191.31,104.93,7519.8,24902,59.115,4268,24789,657.76,24073,16917,37147,70189,19313,2.1467e+05,2.8801e+05,1.5357e+05,2.2477e+05,1693.5
