Title,Tree cover
Regions,States & Territories
Description,Percent of area classified as forest at 30 metre resolution mapping using Landsat imagery following the NCAS classification.
InputFile,/au/treecover/250m/ANUWALD.TreeCover.AllYears.250m.nc
RegionShapefile,states4326
RegionCode,STATE_CODE
RegionLabels,See file STATE_CODE.csv to match RegionCode to region name.
ColumnLabels,See file DLCD_codes.csv to match ColumnID to category name.
Units,km2
NoDataValue,-9999
Produced,20-Mar-2016 15:55:22
AuthorEmail,albert.vandijk@anu.edu.au
------------------------------------------ 
-9999,0001,0003,0004,0005,0006,0007,0008,0009,0010,0011,0014,0015,0016,0018,0019,0024,0025,0031,0032,0033,0034,0035
1,39.61,299.49,13.857,45.91,35.731,0.10491,824.3,7210.6,0,762.3,1536.5,474.89,1762.9,1575.8,2031.7,8569.6,994.43,61050,47993,28932,34812,426.06
2,13.602,183.86,0.88051,41.041,25.164,0,411.78,3937.2,0,74.279,540.72,185.13,31.777,212.49,152.63,71.131,3.5179,26808,28632,5951.7,10437,264.15
3,126.51,413.61,127.12,285.14,83.93,79.913,165.07,6538.9,54.823,1987.5,14637,0.00054652,6580.1,10786,11419,9487.4,2674.6,75438,1.2093e+05,22870,1.2797e+05,535
4,3.3437,142.94,131.24,39.6,11.251,0,721.22,1939.2,0,145.61,936.82,0.93537,608.53,715.08,729.57,6362,300.44,1848.3,2827.5,18639,7215,80.478
5,112.61,529.83,247.2,39.938,12.044,0.033544,5112.4,3606.4,0,137.68,1311.6,0,15951,1087.8,25255,45717,16103,15236,17044,74951,31239,239.52
6,6.5171,368.42,0.72077,14.456,16.709,0,53.714,1256.7,0,202.91,482.13,0.81089,28.069,47.516,219.29,7.4493,0.53219,21926,18820,163.94,2980.3,35.222
7,2.2664,63.686,0.62514,2.6695,0.20067,0.04677,0.69949,10.538,0,291.05,870.84,0,550.53,530.25,1095.1,218.02,86.66,7383,15032,1186.2,4834.9,27.338
8,0.17067,4.0989,0,0.057184,0.081115,0,0.38904,64.513,0,0,6.2174,1.5068,0.45622,3.0344,3.6879,0.20431,0.054392,132.49,1046.4,1.2924,196.48,49.339
9,0,1.7662,0,0,0,0,0,0.027159,0,0.0077824,0.71545,0.21681,0.021732,0,1.4555,0,0,43.773,4.3945,0,1.3053,0
9999,304.63,2007.7,521.65,468.82,185.11,80.098,7289.5,24564,54.823,3601.3,20323,663.5,25514,14958,40908,70432,20163,2.0987e+05,2.5233e+05,1.527e+05,2.1969e+05,1657.1
