Title,Tree cover
Regions,States & Territories
Description,Percent of area classified as forest at 30 metre resolution mapping using Landsat imagery following the NCAS classification.
InputFile,/au/treecover/250m/ANUWALD.TreeCover.AllYears.250m.nc
RegionShapefile,states4326
RegionCode,STATE_CODE
RegionLabels,See file STATE_CODE.csv to match RegionCode to region name.
ColumnLabels,See file DLCD_codes.csv to match ColumnID to category name.
Units,km2
NoDataValue,-9999
Produced,20-Mar-2016 16:10:38
AuthorEmail,albert.vandijk@anu.edu.au
------------------------------------------ 
-9999,0001,0003,0004,0005,0006,0007,0008,0009,0010,0011,0014,0015,0016,0018,0019,0024,0025,0031,0032,0033,0034,0035
1,41.461,325.73,15.765,51.293,36.721,0.13207,825.16,7346.6,0,714.29,1434.3,459.21,1739.7,1469.5,1902.7,8300.3,950.21,61556,47939,29478,34804,433.1
2,13.784,197.51,0.9073,62.354,32.625,0,458.77,4428.3,0,82.74,552.22,175.84,32.467,211.92,156.76,74.665,3.4424,27202,28782,5319.8,9835.6,260.33
3,98.807,374.09,66.157,256.85,85.418,71.023,129.67,6036.7,53.124,1832.9,11433,0.00054652,6375.3,7888,9175.7,8997.6,2235.3,75476,1.1918e+05,21440,1.202e+05,525.99
4,3.2442,134.29,17.677,46.903,12.131,0,732.43,2043.1,0,143.48,940.78,1.1159,558.59,682.5,570.82,6109.2,251.19,2032.1,2911.4,18498,7379.4,65.091
5,93.691,509.33,228.19,45.237,14.426,0.064315,5160.4,3745.5,0,153.55,1399.8,0,14458,1072,24409,42798,15888,15566,17745,69297,29794,252.78
6,5.9531,369.34,0.69558,14.934,17.193,0,54.026,1225.9,0,197.01,480.57,0.81344,28.315,47.459,221.2,7.5482,0.58547,22145,18827,166.63,2993.3,29.765
7,18.92,139.85,1.7276,3.6067,0.19847,0.052128,1.0268,15.707,0,941.2,2008.2,0,571.84,495.51,1187.5,215.73,81.694,13082,52248,1174.2,8987.9,30.527
8,0.19531,4.064,0,0.082699,0.13374,0,0.28851,46.839,0,0,5.9764,1.3193,0.40777,2.9915,3.1968,0.12857,0.0013025,122.34,1012.7,1.1218,189.44,43.082
9,0,1.7759,0,0,0,0,0,0.029451,0,0.0063273,0.71074,0.21878,0.022077,0,1.4597,0,0,44.325,4.4615,0,1.3159,0
9999,276.05,2056,331.12,481.26,198.85,71.272,7361.8,24889,53.124,4065.2,18255,638.52,23764,11870,37628,66503,19410,2.1723e+05,2.8865e+05,1.4537e+05,2.1418e+05,1640.7
