Title,Tree cover
Regions,States & Territories
Description,Percent of area classified as forest at 30 metre resolution mapping using Landsat imagery following the NCAS classification.
InputFile,/au/treecover/250m/ANUWALD.TreeCover.AllYears.250m.nc
RegionShapefile,states4326
RegionCode,STATE_CODE
RegionLabels,See file STATE_CODE.csv to match RegionCode to region name.
ColumnLabels,See file DLCD_codes.csv to match ColumnID to category name.
Units,km2
NoDataValue,-9999
Produced,20-Mar-2016 15:24:54
AuthorEmail,albert.vandijk@anu.edu.au
------------------------------------------ 
-9999,0001,0003,0004,0005,0006,0007,0008,0009,0010,0011,0014,0015,0016,0018,0019,0024,0025,0031,0032,0033,0034,0035
1,50.609,252.79,22.146,53.092,35.877,0.0864,788.66,7369.2,0,762.13,1465.7,472.29,1562.6,1566,1843.1,8198.3,882.31,60802,47652,28490,34074,414.65
2,14.44,190.82,0.93304,44.835,27.862,0,380.97,3849.2,0,89.243,530.87,178.98,29.996,215.59,156.95,68.96,3.851,26640,28528,5637.8,10114,284.01
3,200.51,360,44.856,364.98,90.952,122.98,264.44,7046,66.1,1968.6,20031,0.0019027,4787.9,13585,8430.9,8317.8,1927.8,74912,1.211e+05,23406,1.3122e+05,463.15
4,3.0369,115.35,17.439,33.385,10.236,0,698.12,1755.8,0,123.14,880.44,0.78492,707.22,661.55,831.52,6655.4,427.25,1721.8,2755.5,17939,6804.1,68.845
5,182.22,542.67,265.19,31.492,10.241,0.00067997,5377.1,3358.7,0,135.1,1198.9,0,16173,1172.2,23180,46796,15561,14800,15717,76765,30056,213.59
6,7.5036,409.33,0.79894,15.053,19.821,0,54.428,1366.5,0,207.7,485.92,0.88956,28.727,48.208,225.35,7.5317,0.54996,22123,19021,164.58,3008.5,46.289
7,26.853,136.21,1.6692,2.4775,0.20288,0.068776,0.61833,12.446,0,894.14,1935.1,0,573.76,556.55,1222,233.11,92.92,12551,50294,1185.6,8355.7,21.332
8,0.15075,3.6186,0,0.063845,0.096909,0,0.44756,50.544,0,0,5.8151,1.1838,0.43886,2.9388,3.409,0.20267,0.053046,129.7,1018.1,1.1797,186.29,31.838
9,0,1.7469,0,0,0,0,0,0.02791,0,0.0068274,0.66826,0.21673,0.021732,0,1.3535,0,0,43.286,4.3681,0,1.2959,0
9999,485.33,2012.5,353.03,545.38,195.29,123.13,7564.8,24808,66.1,4180.1,26535,654.34,23864,17808,35894,70277,18896,2.1372e+05,2.8609e+05,1.5359e+05,2.2382e+05,1543.7
