Title,Percentage exposed soil
Regions,States & Territories
Description,Annual mean precentage of soil that is unprotected by living vegetation or litter as mapped from MODIS satellite imagery following the methodology of Guerschman and colleagues (CSIRO).
InputFile,au/FractCov/BS/FractCover.V3_0_1.AnnualMeans.aust.005.BS.nc
RegionShapefile,states4326
RegionCode,STATE_CODE
RegionLabels,See file STATE_CODE.csv to match RegionCode to region name.
ColumnLabels,See file DLCD_codes.csv to match ColumnID to category name.
Units,km2
NoDataValue,-9999
Produced,20-Mar-2016 07:18:44
AuthorEmail,albert.vandijk@anu.edu.au
------------------------------------------ 
-9999,0001,0003,0004,0005,0006,0007,0008,0009,0010,0011,0014,0015,0016,0018,0019,0024,0025,0031,0032,0033,0034,0035
1,91.746,2006.7,784.88,634.33,58.376,0.45115,25955,18179,0,1044.2,12145,44.861,6635,14515,68245,18941,14790,3896.9,5538.6,18888,15414,587.22
2,27.013,734.68,12.728,488.28,175.41,0,11501,9537.9,0,92.962,1097.7,19.096,39.798,1094.1,702.29,205.81,110.18,1163,1728,1880.9,2649.7,529.43
3,345.27,1797.1,2683.6,575.75,55.93,291.83,4963,6796.3,62.192,1163.9,40424,0.032857,24475,40677,2.1266e+05,23736,22183,5676.9,16191,31147,55474,412.46
4,83.987,1627.4,13942,122.82,28.46,0,12693,4418.3,0,203.73,3394.8,1.0806,5612.4,3768.9,3.1838e+05,21806,68810,169.83,472.14,7810.8,2995.7,215.4
5,396.83,3429,12491,46.59,15.376,0.048496,29268,2959.9,0,95.847,5839.9,0,82050,20158,5.4593e+05,66665,1.9081e+05,895.53,2886.1,36590,20681,296.83
6,3.1832,405.31,0.18281,61.417,29.26,0,7.2646,835.01,0,15.907,27.777,0.22858,2.876,3.3342,34.951,0.7727,0.11623,1017.7,1004.6,12.372,190.58,37.77
7,26.512,1213.4,1528.5,10.102,0.072052,0.017875,14.071,16.917,0,352.66,12953,0,1.0446e+05,24844,1.7879e+05,18242,60124,1224.6,13638,22638,30506,21.027
8,0.063379,1.9363,0,0.087481,0.13587,0,0.053543,51.051,0,0,1.6284,0.083629,0.13359,0.50759,1.1152,0.09205,0.0019007,6.5757,69.615,0.65295,29.499,34.199
9,0,0.1551,0,0,0,0,0,0,0,0.0020559,0.025662,0.0018579,0.0015646,0,0.053141,0,0,1.8724,0.40152,0,0.14273,0
9999,974.61,11216,31443,1939.4,363.02,292.35,84401,42795,62.192,2969.2,75884,65.384,2.2327e+05,1.0506e+05,1.3247e+06,1.496e+05,3.5683e+05,14053,41529,1.1897e+05,1.2794e+05,2134.3
