Title,Percentage exposed soil
Regions,States & Territories
Description,Annual mean precentage of soil that is unprotected by living vegetation or litter as mapped from MODIS satellite imagery following the methodology of Guerschman and colleagues (CSIRO).
InputFile,au/FractCov/BS/FractCover.V3_0_1.AnnualMeans.aust.005.BS.nc
RegionShapefile,states4326
RegionCode,STATE_CODE
RegionLabels,See file STATE_CODE.csv to match RegionCode to region name.
ColumnLabels,See file DLCD_codes.csv to match ColumnID to category name.
Units,km2
NoDataValue,-9999
Produced,20-Mar-2016 08:49:29
AuthorEmail,albert.vandijk@anu.edu.au
------------------------------------------ 
-9999,0001,0003,0004,0005,0006,0007,0008,0009,0010,0011,0014,0015,0016,0018,0019,0024,0025,0031,0032,0033,0034,0035
1,85.278,1783,722.02,600.43,57.36,0.40379,21431,17322,0,859.51,10015,47.986,5837.9,11841,55785,17565,12236,3230.2,4811.1,18307,13839,584.46
2,25.91,603.42,11.702,465.53,177.89,0,9181,9644.3,0,91.76,962.18,23.641,37.756,887.2,566.1,173.6,88.103,1078.3,1688.9,2029.3,2733.3,566.29
3,313.4,1692.2,2690.5,513.66,51.194,264.76,4537.1,5997.1,56.038,1037.7,39383,0.035583,24518,42701,2.2645e+05,24101,22982,5194.7,13803,32043,54740,441.59
4,83.059,1830.9,14326,121.95,30.44,0,11113,4303.4,0,192.7,3029,0.96742,5362.1,3219.8,3.2696e+05,21655,70922,167.96,459.3,7873.6,3119.6,223
5,420.07,3406.1,12796,48.548,16.125,0.042718,28239,3145.6,0,82.222,5392.8,0,82715,19651,5.8201e+05,69139,1.9955e+05,873.54,2671.8,35731,18588,325.53
6,3.3541,383.33,0.17876,62.515,30.204,0,8.7183,897.75,0,16.082,29.171,0.22195,3.4188,3.7943,35.995,0.81916,0.12545,961.54,968.78,12.541,196.73,40.797
7,24.129,1224.4,1509.7,11.789,0.11408,0.013828,15.336,20.099,0,332.44,11823,0,1.1073e+05,22761,2.149e+05,19910,67934,1026.7,11305,20193,25142,22.312
8,0.055221,1.8244,0,0.085779,0.13356,0,0.072921,53.342,0,0,1.687,0.12297,0.16461,0.55016,1.2993,0.18965,0.016013,5.5589,61.713,0.83785,29.162,34.076
9,0,0.044513,0,0,0,0,0,0,0,0,0.010777,0,0,0,0.019866,0,0,1.7391,0.24706,0,0.078479,0
9999,955.26,10925,32057,1824.5,363.46,265.22,74526,41384,56.038,2612.4,70635,72.975,2.292e+05,1.0107e+05,1.4067e+06,1.5254e+05,3.7372e+05,12540,35770,1.1619e+05,1.1839e+05,2238.1
