Title,Percentage exposed soil
Regions,States & Territories
Description,Annual mean precentage of soil that is unprotected by living vegetation or litter as mapped from MODIS satellite imagery following the methodology of Guerschman and colleagues (CSIRO).
InputFile,au/FractCov/BS/FractCover.V3_0_1.AnnualMeans.aust.005.BS.nc
RegionShapefile,states4326
RegionCode,STATE_CODE
RegionLabels,See file STATE_CODE.csv to match RegionCode to region name.
ColumnLabels,See file DLCD_codes.csv to match ColumnID to category name.
Units,km2
NoDataValue,-9999
Produced,20-Mar-2016 07:26:18
AuthorEmail,albert.vandijk@anu.edu.au
------------------------------------------ 
-9999,0001,0003,0004,0005,0006,0007,0008,0009,0010,0011,0014,0015,0016,0018,0019,0024,0025,0031,0032,0033,0034,0035
1,94.621,1861.1,763.24,632.06,58.559,0.39923,25690,19277,0,1041.8,11921,92.297,6719.4,14426,65822,19985,14513,3612.6,5556.5,21075,16319,604.2
2,27.689,694.53,12.211,509.48,179.11,0,10828,10233,0,93.762,1109.2,42.424,41.706,1081.9,704.8,214.89,110.67,1269,2280.1,2273.2,3284.3,557.31
3,353.3,1807,2694.4,560.01,54.761,287.3,4901.2,6662.9,59.132,1233.2,43840,0.038124,25162,44949,2.2361e+05,25292,23519,5549.2,15939,33500,60125,413.18
4,85.54,1781.6,14023,122.55,30.411,0,13927,4576.9,0,209.27,3592.5,1.1523,5861,3995.3,3.2998e+05,23111,72949,169.35,471.24,8418,3132.6,215.09
5,411.31,3439.8,12848,48.637,16.348,0.052404,27167,3035.5,0,100.12,5929.8,0,85468,21096,5.8353e+05,71389,2.0679e+05,927.9,3090.6,40209,22242,301.75
6,3.3994,354.57,0.20774,64.32,31.824,0,7.4412,919.13,0,15.003,27.91,0.26042,2.9301,3.3537,35.503,0.78699,0.11814,1025.8,980,13.419,192.88,39.142
7,25.996,1107.8,1691.8,10.699,0.082348,0.015034,15.441,19.157,0,334.39,12421,0,1.1333e+05,24804,2.0454e+05,20070,69190,1103.5,11924,22095,27247,21.837
8,0.060508,2.039,0,0.092644,0.14221,0,0.10287,66.815,0,0,2.6707,0.32456,0.16962,0.91813,1.5078,0.12691,0.018321,21.413,153.25,0.7873,49.444,36.8
9,0,0.09161,0,0,0,0,0,0,0,0.0036202,0.019972,0.00062819,0.00078966,0,0.040751,0,0,2.277,0.45569,0,0.14141,0
9999,1001.9,11049,32033,1947.9,371.24,287.77,82536,44790,59.132,3027.6,78845,136.5,2.3658e+05,1.1036e+05,1.4082e+06,1.6006e+05,3.8707e+05,13681,40395,1.2758e+05,1.3259e+05,2189.3
