Title,Percentage exposed soil
Regions,States & Territories
Description,Annual mean precentage of soil that is unprotected by living vegetation or litter as mapped from MODIS satellite imagery following the methodology of Guerschman and colleagues (CSIRO).
InputFile,au/FractCov/BS/FractCover.V3_0_1.AnnualMeans.aust.005.BS.nc
RegionShapefile,states4326
RegionCode,STATE_CODE
RegionLabels,See file STATE_CODE.csv to match RegionCode to region name.
ColumnLabels,See file DLCD_codes.csv to match ColumnID to category name.
Units,km2
NoDataValue,-9999
Produced,20-Mar-2016 07:33:51
AuthorEmail,albert.vandijk@anu.edu.au
------------------------------------------ 
-9999,0001,0003,0004,0005,0006,0007,0008,0009,0010,0011,0014,0015,0016,0018,0019,0024,0025,0031,0032,0033,0034,0035
1,99.261,1840.2,779.87,619.76,60.036,0.43409,23102,18128,0,1016.9,11194,74.591,6845.1,13917,65892,20059,14742,3743.3,5340.1,20886,15518,619.97
2,26.645,648.67,12.812,444.98,171.51,0,9669.1,9363.3,0,87.287,1003,29.139,41.145,1004,671.51,207.05,107.32,1047.6,1766.5,2089.7,2917.6,547.93
3,356.05,1875,2760.1,546.55,54.962,284.26,4664.5,6258.2,58.297,1117.9,38896,0.034996,24252,40854,2.169e+05,24363,23340,5714.9,14941,31373,56309,421.55
4,82.382,1698.8,13717,119.71,29.645,0,13241,4358.7,0,202.78,3411.2,1.0985,5837.6,3866.1,3.2936e+05,22351,70616,173.88,464.84,8104.1,2979.3,216.46
5,408.15,3316.9,12902,46.488,15.346,0.045407,23836,2962.6,0,86.969,4719.2,0,77691,17036,5.4702e+05,66479,1.9195e+05,929.78,2767.3,35746,18897,306.63
6,3.089,379.32,0.20973,59.236,28.538,0,7.0429,846.36,0,15.088,27.58,0.24616,2.98,3.3864,35.178,0.79191,0.12264,962.25,954.87,13.691,194.18,38.983
7,24.142,1118,1561.4,8.8128,0.079765,0.012733,12.371,16.268,0,293.65,9857.5,0,1.0695e+05,20251,2.0297e+05,19445,66935,1034.5,11097,19920,23857,21.198
8,0.06841,1.8037,0,0.11159,0.15701,0,0.097886,67.541,0,0,2.4428,0.27406,0.15705,0.83502,1.438,0.13094,0.017764,15.435,129.26,0.82103,48.027,38.761
9,0,0.066797,0,0,0,0,0,0,0,0.0079587,0.010549,0.0006125,0,0,0.021621,0,0,1.9687,0.41644,0,0.12656,0
9999,999.78,10879,31733,1845.7,360.27,284.75,74532,42001,58.297,2820.5,69110,105.38,2.2162e+05,96932,1.3629e+06,1.529e+05,3.6769e+05,13624,37461,1.1813e+05,1.2072e+05,2211.5
