Title,Percentage exposed soil
Regions,States & Territories
Description,Annual mean precentage of soil that is unprotected by living vegetation or litter as mapped from MODIS satellite imagery following the methodology of Guerschman and colleagues (CSIRO).
InputFile,au/FractCov/BS/FractCover.V3_0_1.AnnualMeans.aust.005.BS.nc
RegionShapefile,states4326
RegionCode,STATE_CODE
RegionLabels,See file STATE_CODE.csv to match RegionCode to region name.
ColumnLabels,See file DLCD_codes.csv to match ColumnID to category name.
Units,km2
NoDataValue,-9999
Produced,20-Mar-2016 08:57:02
AuthorEmail,albert.vandijk@anu.edu.au
------------------------------------------ 
-9999,0001,0003,0004,0005,0006,0007,0008,0009,0010,0011,0014,0015,0016,0018,0019,0024,0025,0031,0032,0033,0034,0035
1,81.443,1670.8,736.13,616.72,53.799,0.36335,21958,16493,0,919.98,10254,44.85,6047.9,12653,57101,18269,12608,3415.6,4602.7,19413,14158,563.92
2,27.288,618.24,11.653,532.09,186.19,0,10860,10077,0,100.78,1087.2,21.769,39.112,965.38,608.28,183.96,92.481,1140.4,1658.3,2155,2970.6,595.84
3,318.9,1704.4,2800.4,497.49,49.3,268.78,4287.6,5551.5,55.206,1166.7,43476,0.028669,26286,47636,2.4413e+05,26366,24810,5173.7,14167,34913,59263,416.06
4,83.813,1729.2,13260,123.3,30.2,0,11684,4475.4,0,207.06,3225.9,1.0424,5530.1,3397.5,3.3288e+05,21991,73078,186.68,484.63,7965.7,3181.2,228.73
5,414.41,3266.7,12682,49.853,16.841,0.043106,28927,3268,0,92.954,5416.6,0,83938,19540,5.7306e+05,68614,1.9776e+05,909.67,2811.5,35850,19064,330.08
6,3.5306,419.41,0.20828,68.237,32.314,0,10.104,941.95,0,19.83,35.963,0.25088,3.7757,4.4487,39.78,0.95445,0.13285,1106.1,1102.4,14.451,227.26,42.366
7,24.484,1176.6,1591.3,11.206,0.12852,0.013386,14.05,17.576,0,334.11,12147,0,1.0976e+05,24334,2.1054e+05,19670,67717,1086.1,11574,22447,27288,22.983
8,0.057571,1.8211,0,0.093608,0.14732,0,0.072612,49.774,0,0,1.5471,0.10085,0.16235,0.51268,1.3123,0.18603,0.015882,5.1252,58.224,0.85707,28.607,35.342
9,0,0.043453,0,0,0,0,0,0,0,0,0.015735,0,0,0,0.028402,0,0,1.5355,0.26345,0,0.08648,0
9999,953.92,10587,31082,1899,368.91,269.2,77740,40874,55.206,2841.4,75645,68.042,2.3161e+05,1.0853e+05,1.4184e+06,1.551e+05,3.7607e+05,13025,36459,1.2276e+05,1.2618e+05,2235.3
