Title,Percentage exposed soil
Regions,States & Territories
Description,Annual mean precentage of soil that is unprotected by living vegetation or litter as mapped from MODIS satellite imagery following the methodology of Guerschman and colleagues (CSIRO).
InputFile,au/FractCov/BS/FractCover.V3_0_1.AnnualMeans.aust.005.BS.nc
RegionShapefile,states4326
RegionCode,STATE_CODE
RegionLabels,See file STATE_CODE.csv to match RegionCode to region name.
ColumnLabels,See file DLCD_codes.csv to match ColumnID to category name.
Units,km2
NoDataValue,-9999
Produced,20-Mar-2016 07:41:23
AuthorEmail,albert.vandijk@anu.edu.au
------------------------------------------ 
-9999,0001,0003,0004,0005,0006,0007,0008,0009,0010,0011,0014,0015,0016,0018,0019,0024,0025,0031,0032,0033,0034,0035
1,97.438,1797.6,779.29,600.41,57.227,0.38356,22735,17325,0,997.8,10871,62.421,6796.2,13444,64243,19620,14318,3533.3,5120.3,20540,15253,605.6
2,26.998,653.95,12.991,433.81,164.34,0,10377,9449.4,0,91.78,1040.7,27.213,40.536,1017.3,662.74,202.72,106.79,1059.9,1696.4,2061,2884.1,553.34
3,362.82,1784.3,2739.7,508.17,49.989,257.63,4478.2,6058.3,54.105,1197.8,43444,0.033823,25620,45751,2.3435e+05,26161,24732,5475.6,15068,34186,61427,421.01
4,85.136,1711.6,13979,126.5,30.459,0,14009,4627.5,0,214.65,3549.8,1.0409,5964,3943.7,3.4082e+05,22406,73043,174.8,474,8188,3152.7,221.32
5,420.06,3249.7,12849,44.995,14.608,0.054274,22938,2837.5,0,91.368,5974.7,0,90377,21372,5.886e+05,71741,2.0074e+05,963.86,3024.4,39374,21303,309.98
6,3.1593,372.52,0.20881,64.529,30.211,0,7.665,891.81,0,15.359,28.429,0.24539,2.9285,3.4441,35.057,0.76709,0.11442,973.7,966.06,12.927,187.73,40.979
7,24.769,1061.5,1653.8,10.557,0.097043,0.013951,15.662,18.912,0,324.33,13731,0,1.2804e+05,29180,2.2446e+05,22381,71690,1141.5,11995,26185,29624,22.029
8,0.066413,1.8515,0,0.10109,0.14943,0,0.085902,61.242,0,0,2.061,0.23529,0.14649,0.67292,1.2674,0.12653,0.01378,12.031,105.68,0.78242,42.106,37.116
9,0,0.052191,0,0,0,0,0,0,0,0.0057631,0.010215,0.00059317,0,0,0.019972,0,0,1.378,0.31712,0,0.09469,0
9999,1020.4,10633,32014,1789.1,347.08,258.08,74560,41270,54.105,2933.1,78642,91.191,2.5684e+05,1.1471e+05,1.4532e+06,1.6251e+05,3.8463e+05,13336,38451,1.3055e+05,1.3387e+05,2211.4
