Title,Percentage exposed soil
Regions,States & Territories
Description,Annual mean precentage of soil that is unprotected by living vegetation or litter as mapped from MODIS satellite imagery following the methodology of Guerschman and colleagues (CSIRO).
InputFile,au/FractCov/BS/FractCover.V3_0_1.AnnualMeans.aust.005.BS.nc
RegionShapefile,states4326
RegionCode,STATE_CODE
RegionLabels,See file STATE_CODE.csv to match RegionCode to region name.
ColumnLabels,See file DLCD_codes.csv to match ColumnID to category name.
Units,km2
NoDataValue,-9999
Produced,20-Mar-2016 07:11:11
AuthorEmail,albert.vandijk@anu.edu.au
------------------------------------------ 
-9999,0001,0003,0004,0005,0006,0007,0008,0009,0010,0011,0014,0015,0016,0018,0019,0024,0025,0031,0032,0033,0034,0035
1,77.949,1931.4,719.39,526.37,55.037,0.39601,18080,14122,0,760.65,7923.1,36.122,5441.2,9712.1,55381,15022,11561,4144.9,4322.2,14352,10919,493.88
2,22.662,682.3,10.717,404.45,169.8,0,8535.2,9109.3,0,88.026,865.68,15.2,33.901,799.57,553.96,168.18,86.459,1162,1526.3,1550.2,2212.2,466.52
3,300.06,1714.1,2494.6,511.42,51.981,274.44,4264.3,5541.8,56.812,869.46,29060,0.028303,19714,30029,1.688e+05,19473,18001,5900.3,13782,24380,42965,361.64
4,81.401,1914.5,13497,114.55,30.042,0,10841,3928.5,0,191.45,2908.1,0.95212,5324.1,3342.6,3.106e+05,21080,68363,165.35,419.65,7303.9,2677.9,203.13
5,373.49,3917.6,13866,48.852,15.941,0.039358,27116,3115.3,0,89.765,4846.7,0,74334,16426,5.0485e+05,60862,1.7851e+05,870.06,2744.3,32039,18505,283.95
6,2.3261,365.58,0.15159,59.661,31.194,0,6.9002,944.95,0,11.402,23.991,0.19642,2.0201,2.4505,29.301,0.55737,0.082843,878.44,760.01,7.792,131.53,32.146
7,23.415,1667.5,1911.9,8.2082,0.070485,0.01484,10.343,13.766,0,367.89,9636.5,0,89175,17207,1.4848e+05,15808,52799,1022.8,11051,18003,23362,19.238
8,0.06248,2.043,0,0.079849,0.13267,0,0.038671,41.226,0,0,1.303,0.059458,0.11667,0.39873,0.95876,0.071799,0.0018566,5.8428,57.59,0.57708,24.33,31.046
9,0,0.11579,0,0,0,0,0,0,0,0.0020832,0.015756,0.00065483,0.0043127,0,0.051904,0,0,1.4553,0.28071,0,0.097948,0
9999,881.37,12195,32500,1673.6,354.2,274.89,68854,36817,56.812,2378.6,55265,52.558,1.9402e+05,77520,1.1887e+06,1.3241e+05,3.2932e+05,14151,34664,97635,1.008e+05,1891.6
