Title,Percentage exposed soil
Regions,States & Territories
Description,Annual mean precentage of soil that is unprotected by living vegetation or litter as mapped from MODIS satellite imagery following the methodology of Guerschman and colleagues (CSIRO).
InputFile,au/FractCov/BS/FractCover.V3_0_1.AnnualMeans.aust.005.BS.nc
RegionShapefile,states4326
RegionCode,STATE_CODE
RegionLabels,See file STATE_CODE.csv to match RegionCode to region name.
ColumnLabels,See file DLCD_codes.csv to match ColumnID to category name.
Units,km2
NoDataValue,-9999
Produced,20-Mar-2016 08:11:41
AuthorEmail,albert.vandijk@anu.edu.au
------------------------------------------ 
-9999,0001,0003,0004,0005,0006,0007,0008,0009,0010,0011,0014,0015,0016,0018,0019,0024,0025,0031,0032,0033,0034,0035
1,95.334,1890.9,843.31,774.31,59.617,0.42886,26925,19683,0,1146.5,12702,65.364,7563.8,15938,73659,21795,16314,3375,5430.3,21939,16682,605.2
2,30.617,648.69,12.312,631.4,205.18,0,11057,10688,0,103.73,1145.5,30.419,44.689,1102.5,735.29,225.92,116.43,1096.5,1992.7,2324.4,3272.7,630.65
3,336.99,1839.2,2800.8,532.39,51.823,285.09,4242.5,5922.4,58.168,1043.4,34319,0.031947,23525,37833,2.0206e+05,23570,23173,5362.9,14089,29279,48965,434.05
4,89.423,1824.1,15019,121.32,29.668,0,13603,4666.7,0,218.07,3721.8,1.1015,6583.7,4344.1,3.6607e+05,23824,78574,181.47,534.92,8961.2,3383.9,228.66
5,431.35,3344.2,12486,45.519,14.687,0.050456,27225,3159.2,0,86.653,5351.9,0,87941,18679,5.9244e+05,73621,2.0642e+05,933.4,2898.9,37668,19781,324.48
6,3.1719,409.53,0.205,64.499,28.89,0,8.2885,891.65,0,16.008,29.042,0.24611,3.0654,3.5207,36.481,0.8018,0.12162,937.36,972.5,13.385,197.51,40.84
7,25.733,1721,1555.6,12.202,0.10536,0.012563,15.163,18.28,0,385.37,11617,0,1.2013e+05,22163,2.1647e+05,21208,71106,1064.9,11489,21852,25473,23.035
8,0.077891,2.0323,0,0.096549,0.14326,0,0.069476,66.654,0,0,2.2471,0.20185,0.17893,0.73469,1.4504,0.18277,0.01111,9.0767,91.27,0.94751,42.657,40.623
9,0,0.078233,0,0,0,0,0,0,0,0.0056444,0.01561,0.00063002,0.0015684,0,0.031664,0,0,1.5719,0.3592,0,0.13144,0
9999,1012.7,11680,32718,2181.7,390.11,285.58,83076,45095,58.168,2999.7,68889,97.365,2.4579e+05,1.0006e+05,1.4515e+06,1.6424e+05,3.9571e+05,12962,37499,1.2204e+05,1.178e+05,2327.6
