Title,Percentage exposed soil
Regions,States & Territories
Description,Annual mean precentage of soil that is unprotected by living vegetation or litter as mapped from MODIS satellite imagery following the methodology of Guerschman and colleagues (CSIRO).
InputFile,au/FractCov/BS/FractCover.V3_0_1.AnnualMeans.aust.005.BS.nc
RegionShapefile,states4326
RegionCode,STATE_CODE
RegionLabels,See file STATE_CODE.csv to match RegionCode to region name.
ColumnLabels,See file DLCD_codes.csv to match ColumnID to category name.
Units,km2
NoDataValue,-9999
Produced,20-Mar-2016 07:56:31
AuthorEmail,albert.vandijk@anu.edu.au
------------------------------------------ 
-9999,0001,0003,0004,0005,0006,0007,0008,0009,0010,0011,0014,0015,0016,0018,0019,0024,0025,0031,0032,0033,0034,0035
1,99.206,1865.5,772.11,715.67,59.89,0.40244,27140,20102,0,1152.8,12539,61.727,6888.4,14646,63531,20082,14264,3124.5,5481.8,21310,17159,602.29
2,29.194,740.9,12.883,561.18,186.13,0,11842,11030,0,112.45,1201.4,32.119,42.09,1095.9,702.07,214.06,109.84,1146.9,2211.9,2263.5,3300.6,616.11
3,357.52,1834.3,2708.6,535.79,50.474,253.25,4845.3,6842.7,55.602,1116.6,41896,0.034958,25274,44689,2.2456e+05,26232,23986,5131.3,14749,33742,57293,459.19
4,87.827,1855.2,14392,131.92,31.554,0,15983,5134.9,0,233.41,3959,1.112,5963.9,4285.7,3.5069e+05,22471,73351,170.64,513.92,8798.2,3567.6,229.11
5,425.49,3332.3,12396,47.883,15.938,0.054612,31899,3283,0,89.581,5602,0,84113,19586,5.546e+05,72591,1.9799e+05,898.91,2867.2,38695,20219,319.93
6,3.2989,380.23,0.20397,71.103,31.888,0,8.6488,944.5,0,14.864,29.158,0.24441,3.0152,3.542,36.483,0.7796,0.12099,912.96,963.69,12.808,190.99,43.032
7,25.163,1195.8,1502.6,9.2045,0.10446,0.012842,15.086,16.606,0,324.29,11874,0,1.0736e+05,23494,2.0504e+05,19340,67620,1090.2,11361,21299,26246,22.365
8,0.070667,2.3456,0,0.094489,0.14547,0,0.071862,64.377,0,0,2.2281,0.24102,0.16787,0.70531,1.4238,0.12899,0.011024,11.743,97.524,0.87108,41.83,38.401
9,0,0.068028,0,0,0,0,0,0,0,0.0020972,0.011202,0,0.00133,0,0.031689,0,0,1.6469,0.34754,0,0.10965,0
9999,1027.8,11206,31785,2072.8,376.12,253.72,91734,47418,55.602,3044,77102,95.478,2.2965e+05,1.078e+05,1.3992e+06,1.6093e+05,3.7732e+05,12489,38247,1.2612e+05,1.2802e+05,2330.4
