Title,Percentage exposed soil
Regions,States & Territories
Description,Annual mean precentage of soil that is unprotected by living vegetation or litter as mapped from MODIS satellite imagery following the methodology of Guerschman and colleagues (CSIRO).
InputFile,au/FractCov/BS/FractCover.V3_0_1.AnnualMeans.aust.005.BS.nc
RegionShapefile,states4326
RegionCode,STATE_CODE
RegionLabels,See file STATE_CODE.csv to match RegionCode to region name.
ColumnLabels,See file DLCD_codes.csv to match ColumnID to category name.
Units,km2
NoDataValue,-9999
Produced,20-Mar-2016 08:34:20
AuthorEmail,albert.vandijk@anu.edu.au
------------------------------------------ 
-9999,0001,0003,0004,0005,0006,0007,0008,0009,0010,0011,0014,0015,0016,0018,0019,0024,0025,0031,0032,0033,0034,0035
1,86.105,2198.9,713.27,589.63,53.495,0.37028,19216,14754,0,645.08,7599,50.265,4808.2,8870.1,45370,14499,9660.1,3141.2,4253.9,14748,10977,555.84
2,25.995,722.7,19.805,451.52,170.02,0,9368.7,9184.2,0,90.776,981.16,24.075,39.352,957.92,625.25,189.48,96.238,1010.8,1505.4,1959.3,2626.6,551.58
3,293.43,1713.9,2603.1,459.86,47.971,254.46,3439.3,4901.7,57.299,778.27,24681,0.024594,19065,26729,1.7469e+05,17591,17776,5138.4,12388,22165,38419,400.23
4,85.202,1604.5,13547,117.38,28.3,0,12735,4331.1,0,182.54,3154.4,1.003,4850.4,3341.6,2.9926e+05,20371,67171,157.92,467.41,7481.8,2826.2,224.09
5,419.07,3275.7,11859,47.017,15.798,0.041676,29312,3258.3,0,84.836,5210.3,0,79557,17619,5.337e+05,66500,1.8447e+05,780.85,2530,36283,18227,321.39
6,3.3723,407.02,0.18884,57.889,26.943,0,7.6193,819.92,0,16.866,32.718,0.22646,3.1804,3.9233,36.754,0.82575,0.1149,1052.8,1059.4,13.416,212.39,38.916
7,24.129,1377.4,1496.3,9.6361,0.093908,0.012509,12.986,15.959,0,285.14,10913,0,1.1099e+05,22093,1.9468e+05,19009,64263,956.75,10791,20035,24733,22.14
8,0.061861,1.8938,0,0.086385,0.13663,0,0.065895,48.957,0,0,1.5827,0.13766,0.17412,0.48026,1.2389,0.20548,0.016814,4.7533,55.677,0.85768,27.998,34.543
9,0,0.052228,0,0,0,0,0,0,0,0.0010593,0.015639,0.00059499,0.00101,0,0.022171,0,0,1.4104,0.29217,0,0.094562,0
9999,937.37,11302,30239,1733,342.76,254.88,74091,37314,57.299,2083.5,52573,75.732,2.1931e+05,79615,1.2484e+06,1.3816e+05,3.4344e+05,12245,33051,1.0269e+05,98048,2148.7
