Title,Percentage exposed soil
Regions,States & Territories
Description,Annual mean precentage of soil that is unprotected by living vegetation or litter as mapped from MODIS satellite imagery following the methodology of Guerschman and colleagues (CSIRO).
InputFile,au/FractCov/BS/FractCover.V3_0_1.AnnualMeans.aust.005.BS.nc
RegionShapefile,states4326
RegionCode,STATE_CODE
RegionLabels,See file STATE_CODE.csv to match RegionCode to region name.
ColumnLabels,See file DLCD_codes.csv to match ColumnID to category name.
Units,km2
NoDataValue,-9999
Produced,20-Mar-2016 07:48:57
AuthorEmail,albert.vandijk@anu.edu.au
------------------------------------------ 
-9999,0001,0003,0004,0005,0006,0007,0008,0009,0010,0011,0014,0015,0016,0018,0019,0024,0025,0031,0032,0033,0034,0035
1,100.71,1827.2,809.21,633.39,59.189,0.40401,23226,17643,0,1042.2,11058,71.663,6974.2,13273,65510,19551,14425,3548.3,5499.3,20328,15660,635.97
2,27.912,643.99,13.41,470.94,167.19,0,11084,10310,0,104.09,1116.6,30.687,40.907,1062,669.42,202.52,106.31,1149.5,2043.5,2098.7,3026.6,575.88
3,367.13,1882.6,2843.2,544.12,51.731,275.97,4824.3,6797.6,56.799,1185.8,41915,0.032866,25460,43442,2.3441e+05,26627,25526,5402.3,15239,32799,58865,431.34
4,86.852,1657.6,13376,126.9,31.497,0,14349,4650.2,0,228.06,3628.6,1.0317,5883.6,3999,3.515e+05,21994,73247,176.99,475.99,8121.3,3337.2,222.77
5,410.42,3360,12134,47.097,15.751,0.067759,28741,3195.6,0,84.799,4707,0,76902,16873,5.1864e+05,67829,1.8608e+05,847.62,2661.2,36687,18596,316.55
6,3.401,361.39,0.20926,68.1,32.623,0,8.2006,952.19,0,15.93,30.296,0.24661,2.8685,3.579,34.807,0.74044,0.11324,953.11,992.39,11.539,185.33,43.95
7,24.507,1212.1,1455.3,9.4506,0.093222,0.013805,15.235,18.082,0,315.33,10189,0,1.0669e+05,19756,2.1165e+05,19710,69174,1216.1,11896,19667,24047,22.475
8,0.068073,1.9719,0,0.097386,0.14744,0,0.077246,58.474,0,0,1.9386,0.26346,0.16214,0.66077,1.362,0.12988,0.012178,12.479,104.82,0.83636,40.961,38.248
9,0,0.095512,0,0,0,0,0,0,0,0.0046758,0.024434,0.00068255,0.0014365,0,0.049691,0,0,2.2693,0.42987,0,0.14878,0
9999,1021,10947,30631,1900.1,358.22,276.45,82247,43625,56.799,2976.3,72647,103.92,2.2195e+05,98410,1.3824e+06,1.5592e+05,3.6856e+05,13309,38912,1.1971e+05,1.2376e+05,2287.2
