Title,Percentage exposed soil
Regions,States & Territories
Description,Annual mean precentage of soil that is unprotected by living vegetation or litter as mapped from MODIS satellite imagery following the methodology of Guerschman and colleagues (CSIRO).
InputFile,au/FractCov/BS/FractCover.V3_0_1.AnnualMeans.aust.005.BS.nc
RegionShapefile,states4326
RegionCode,STATE_CODE
RegionLabels,See file STATE_CODE.csv to match RegionCode to region name.
ColumnLabels,See file DLCD_codes.csv to match ColumnID to category name.
Units,km2
NoDataValue,-9999
Produced,20-Mar-2016 07:03:37
AuthorEmail,albert.vandijk@anu.edu.au
------------------------------------------ 
-9999,0001,0003,0004,0005,0006,0007,0008,0009,0010,0011,0014,0015,0016,0018,0019,0024,0025,0031,0032,0033,0034,0035
1,66.35,2032.1,790.27,468.77,55.213,0.37682,14743,13054,0,603.38,6050.3,32.851,4313.9,6952,44180,11721,8778.2,3509.7,3747.9,10444,8364.9,452.67
2,19.735,711.48,16.878,398.53,182.31,0,7363,8685.4,0,84.358,744.99,14.758,31.113,699.12,487.92,151.17,75.169,971.09,1263.9,1406.2,1989.9,428.7
3,252.63,1746.6,2583.9,454.75,47.595,247.65,3436.2,4845.2,52.265,761.2,24645,0.025591,16508,24613,1.4581e+05,15680,15316,5275.5,11603,19306,33598,327.86
4,79.224,1909.6,14541,106.49,29.102,0,11034,3690.9,0,178.99,2812.1,1.2247,4981.9,3258.3,2.8784e+05,19111,62154,147.35,365.37,6780.3,2513.8,183.49
5,326.56,3602.7,13339,46.015,15.754,0.038598,21537,2671,0,87.622,3938.7,0,60436,13063,4.1018e+05,50282,1.4529e+05,749.44,2246.9,25654,14456,254.82
6,2.2649,343.82,0.13576,53.878,27.248,0,6.833,865.43,0,11.285,21.969,0.1854,1.954,2.2374,27.508,0.56399,0.084186,769.52,690.3,7.4181,122.52,31.505
7,20.906,976.39,1664.6,7.0041,0.074882,0.011609,9.6902,12.453,0,261.58,8136.5,0,79167,14878,1.4236e+05,14444,48712,924.1,9247.6,14717,18013,16.953
8,0.042834,1.376,0,0.063828,0.10351,0,0.031628,37.367,0,0,1.1809,0.060864,0.093536,0.33549,0.71486,0.055585,0,4.7178,46.376,0.47938,20.556,25.281
9,0,0.054396,0,0,0,0,0,0,0,0,0.010473,0.00065592,0.0020653,0,0.023741,0,0,1.2132,0.20635,0,0.061173,0
9999,767.71,11324,32936,1535.5,357.4,248.08,58130,33861,52.265,1988.4,46351,49.105,1.6544e+05,63467,1.0309e+06,1.1139e+05,2.8032e+05,12353,29212,78315,79079,1721.3
