Title,Percentage exposed soil
Regions,States & Territories
Description,Annual mean precentage of soil that is unprotected by living vegetation or litter as mapped from MODIS satellite imagery following the methodology of Guerschman and colleagues (CSIRO).
InputFile,au/FractCov/BS/FractCover.V3_0_1.AnnualMeans.aust.005.BS.nc
RegionShapefile,states4326
RegionCode,STATE_CODE
RegionLabels,See file STATE_CODE.csv to match RegionCode to region name.
ColumnLabels,See file DLCD_codes.csv to match ColumnID to category name.
Units,km2
NoDataValue,-9999
Produced,20-Mar-2016 08:26:46
AuthorEmail,albert.vandijk@anu.edu.au
------------------------------------------ 
-9999,0001,0003,0004,0005,0006,0007,0008,0009,0010,0011,0014,0015,0016,0018,0019,0024,0025,0031,0032,0033,0034,0035
1,84.002,2115.6,712.83,577.19,53.318,0.36608,17921,14036,0,665.97,7369.8,50.634,4680,8426.8,43167,13715,9209.3,3363.1,4201.1,13933,10663,553.4
2,24.907,752.01,21.238,445.73,172.25,0,8563.1,8639.3,0,81.751,879.34,23.575,36.653,845.65,565.17,171.23,83.791,907.8,1314.9,1879.8,2484.6,542.16
3,280.17,1913.9,2668.4,452.24,47.515,252.72,3359.7,4619.6,55.162,747.96,22173,0.026409,17110,23912,1.5004e+05,16358,15512,5062,11838,20042,34952,392.76
4,80.664,1811.2,15012,114.06,29.104,0,11047,3993.6,0,179.53,2838.1,0.91631,4532.9,3013.4,2.7746e+05,19475,63885,150.66,441.93,7228.3,2697.7,219.16
5,422.91,3563.2,13731,48.21,16.19,0.040746,29399,3391.1,0,89.694,4841.4,0,75701,15604,5.1992e+05,65724,1.8026e+05,818.63,2693.4,35108,17722,326.33
6,3.1446,385.27,0.17424,56.974,27.005,0,7.0556,841.62,0,16.023,27.794,0.23923,2.7535,3.4131,33.84,0.73406,0.10605,921.26,924.88,11.558,186.47,38.455
7,23.677,1586.1,1281,9.5179,0.077448,0.012694,11.706,15.011,0,323.62,9129.6,0,90053,16319,1.4988e+05,15842,54003,1030.3,10459,16677,20498,21.296
8,0.071107,2.6019,0,0.089452,0.14024,0,0.073114,50.678,0,0,1.6756,0.12408,0.18531,0.49937,1.3545,0.22062,0.018953,5.7518,56.847,0.90625,29.634,36.01
9,0,0.043071,0,0,0,0,0,0,0,0.00056012,0.015351,0,0.0016317,0,0.028665,0,0,1.5056,0.30905,0,0.10854,0
9999,919.54,12130,33426,1704,345.6,253.14,70308,35587,55.162,2104.5,47261,75.515,1.9212e+05,68125,1.1411e+06,1.3129e+05,3.2295e+05,12261,31930,94881,89233,2129.6
