Title,Leaf area
Regions,States & Territories
Description,Leaf area as estimated by the OzWALD model-data fusion system.
InputFile,au/OzWALD/annual/OzWALD.annual.LAI.AnnualMeans.nc
RegionShapefile,states4326
RegionCode,STATE_CODE
RegionLabels,See file STATE_CODE.csv to match RegionCode to region name.
ColumnLabels,See file DLCD_codes.csv to match ColumnID to category name.
Units,km2
NoDataValue,-9999
Produced,19-Mar-2016 20:06:34
AuthorEmail,albert.vandijk@anu.edu.au
------------------------------------------ 
-9999,0001,0003,0004,0005,0006,0007,0008,0009,0010,0011,0014,0015,0016,0018,0019,0024,0025,0031,0032,0033,0034,0035
1,324.32,3818.4,488.59,3081.9,1009.6,5.9117,78974,1.6824e+05,0,4222.1,34873,1608.3,6185.6,28245,50832,24474,13545,2.7868e+05,1.5089e+05,47794,85423,2788.2
2,195.42,2167,11.46,3825.4,2278.2,0,36007,1.1696e+05,0,986.98,5147.9,783.08,99.243,2224.4,1353,326.9,146.25,1.0613e+05,1.0173e+05,6267.8,21138,2249.4
3,849.73,2954.7,1537,4579.1,837.52,3500.3,9533.9,55913,1110.8,7144.5,1.4654e+05,0.12099,25601,1.0556e+05,1.7706e+05,31139,20700,1.7261e+05,2.2002e+05,74393,3.413e+05,2032.4
4,67.063,939.59,4548,1202.9,419.01,0,39115,31378,0,1300.2,9549.6,6.0441,4141.5,5986.5,1.4715e+05,19958,39019,6990.8,6069.4,17969,11770,549.49
5,533.45,3100.5,8045.4,704.61,242.31,0.13716,63650,26584,0,482.69,18511,0,63784,34230,2.8252e+05,71814,1.0874e+05,50854,38409,91454,84503,525.9
6,63.459,2926.6,1.2314,1119.1,1005,0,203.95,19685,0,544.84,1635.3,3.7689,79.332,156.23,729.7,23.856,2.1221,87401,63055,387.33,8633.2,248.68
7,84.005,1674.6,994.42,90.352,0.45145,0.18456,110.9,150.74,0,3636.9,52356,0,99897,61264,1.5832e+05,18024,42020,17622,1.2306e+05,41671,1.3949e+05,38.229
8,0.43421,12.129,0,0.51355,0.83079,0,0.92188,514.85,0,0,26.959,3.6523,1.0623,8.9119,8.9431,0.74127,0.038733,359.43,2443.2,3.8519,491.43,113.72
9,0,0,0,0,0,0,0,0,0,0,0,0,0,0,0,0,0,0,0,0,0,0
9999,2117.9,17594,15626,14604,5792.8,3506.6,2.276e+05,4.1942e+05,1110.8,18318,2.6864e+05,2404.9,1.9979e+05,2.3768e+05,8.1797e+05,1.6576e+05,2.2417e+05,7.2065e+05,7.0568e+05,2.7994e+05,6.9275e+05,8546
