Title,Leaf area
Regions,States & Territories
Description,Leaf area as estimated by the OzWALD model-data fusion system.
InputFile,au/OzWALD/annual/OzWALD.annual.LAI.AnnualMeans.nc
RegionShapefile,states4326
RegionCode,STATE_CODE
RegionLabels,See file STATE_CODE.csv to match RegionCode to region name.
ColumnLabels,See file DLCD_codes.csv to match ColumnID to category name.
Units,km2
NoDataValue,-9999
Produced,19-Mar-2016 19:28:50
AuthorEmail,albert.vandijk@anu.edu.au
------------------------------------------ 
-9999,0001,0003,0004,0005,0006,0007,0008,0009,0010,0011,0014,0015,0016,0018,0019,0024,0025,0031,0032,0033,0034,0035
1,299.27,3332.9,385.16,2714.2,963.16,5.3267,64167,1.4987e+05,0,3232,27177,1322.3,4386.5,20781,37689,17924,9672.7,2.6575e+05,1.3975e+05,33865,71380,2618.1
2,185.62,2016.7,11.497,3473.8,2121.9,0,30220,1.0627e+05,0,865.17,4523.4,660.12,92.052,1859,1180.5,288.7,123.72,1.112e+05,99383,5696.5,19247,2211.8
3,669.85,2348.1,1018,4016.8,760.89,3113,8014.7,47091,1147.1,5460.3,1.0625e+05,0.1243,17837,74815,1.1365e+05,19824,12392,1.646e+05,1.8397e+05,52282,2.6878e+05,1778.9
4,59.67,764.36,3768.9,1050.7,374.95,0,32118,26798,0,1058.6,7914.1,5.0098,3307.2,4848.5,1.1922e+05,17719,34332,6426.8,5279.6,15199,9985.6,532.99
5,511.67,3296.9,8231.4,711.12,249.75,0.11877,88675,30352,0,461.74,17591,0,59686,32627,2.929e+05,69247,1.1072e+05,47411,35535,85151,80791,526.96
6,56.827,2383.7,1.0173,1042.4,918,0,183.31,18722,0,435.76,1403.1,3.2553,64.566,129.45,588.42,19.066,1.664,78140,53899,306.33,7098.4,232.94
7,71.812,1327,799.33,86.264,0.38973,0.16709,104.26,139.25,0,3261,45891,0,67474,51342,1.0983e+05,12929,30203,14562,1.112e+05,33773,1.2595e+05,32.005
8,0.34176,10.761,0,0.4984,0.80205,0,0.81982,427.17,0,0,23.272,3.0203,0.8954,8.0611,7.6358,0.68139,0.037774,307.12,2115.9,3.4894,424.73,102.69
9,0,0,0,0,0,0,0,0,0,0,0,0,0,0,0,0,0,0,0,0,0,0
9999,1855.1,15480,14215,13096,5389.8,3118.6,2.2348e+05,3.7967e+05,1147.1,14775,2.1077e+05,1993.8,1.5285e+05,1.8641e+05,6.7506e+05,1.3795e+05,1.9745e+05,6.8839e+05,6.3113e+05,2.2628e+05,5.8366e+05,8036.4
