Title,Leaf area
Regions,States & Territories
Description,Leaf area as estimated by the OzWALD model-data fusion system.
InputFile,au/OzWALD/annual/OzWALD.annual.LAI.AnnualMeans.nc
RegionShapefile,states4326
RegionCode,STATE_CODE
RegionLabels,See file STATE_CODE.csv to match RegionCode to region name.
ColumnLabels,See file DLCD_codes.csv to match ColumnID to category name.
Units,km2
NoDataValue,-9999
Produced,19-Mar-2016 20:36:47
AuthorEmail,albert.vandijk@anu.edu.au
------------------------------------------ 
-9999,0001,0003,0004,0005,0006,0007,0008,0009,0010,0011,0014,0015,0016,0018,0019,0024,0025,0031,0032,0033,0034,0035
1,308.81,3249.4,418.16,2692.9,982.12,5.0389,64520,1.601e+05,0,2923.8,25429,1701.4,5317,19995,39442,21880,10186,2.6343e+05,1.4297e+05,43474,74136,2695.7
2,192.3,2075.9,11.295,3774,2354.3,0,31946,1.1103e+05,0,884.61,4746,795.87,103.92,2112.9,1303.8,330.83,144.83,1.0828e+05,96994,6868,20697,2273.1
3,727.13,2477.9,1075.7,4156.8,778.72,3375.5,7186.3,48151,1164.3,6263.7,1.1188e+05,0.10074,20352,78472,1.1883e+05,23809,13839,1.8271e+05,2.1685e+05,59871,3.0241e+05,1826.6
4,69.74,841.32,4086.9,1091,384.59,0,42560,28459,0,1101.2,9658.7,4.9455,4055.2,6476.6,1.3235e+05,21091,38910,6780.7,6105.3,20366,11896,567.86
5,566.23,3319.3,8647,728.31,250.8,0.12452,76499,28281,0,474.63,18514,0,71057,35683,3.2196e+05,77721,1.1964e+05,49671,38322,97166,87064,545.15
6,63.599,3060.6,1.285,1128.4,1030.2,0,195.38,20145,0,530.5,1572,3.8985,80.166,157.08,760.08,23.672,2.0676,86498,62581,429.82,8839.9,254.41
7,77.466,1643.3,914.35,83.996,0.35414,0.15655,100.94,135.63,0,3352.5,49754,0,91957,61854,1.2868e+05,15918,34596,16504,1.153e+05,41710,1.3434e+05,34.906
8,0.39716,11.382,0,0.50117,0.79576,0,0.93305,521.81,0,0,26.705,3.9294,1.0743,8.8217,8.5078,0.78904,0.033015,377.6,2409.5,3.8548,483.85,109.35
9,0,0,0,0,0,0,0,0,0,0,0,0,0,0,0,0,0,0,0,0,0,0
9999,2005.7,16679,15155,13656,5781.9,3380.8,2.2301e+05,3.9682e+05,1164.3,15531,2.2158e+05,2510.1,1.9292e+05,2.0476e+05,7.4333e+05,1.6078e+05,2.1731e+05,7.1425e+05,6.8153e+05,2.6989e+05,6.3987e+05,8307.1
