Title,Leaf area
Regions,States & Territories
Description,Leaf area as estimated by the OzWALD model-data fusion system.
InputFile,au/OzWALD/annual/OzWALD.annual.LAI.AnnualMeans.nc
RegionShapefile,states4326
RegionCode,STATE_CODE
RegionLabels,See file STATE_CODE.csv to match RegionCode to region name.
ColumnLabels,See file DLCD_codes.csv to match ColumnID to category name.
Units,km2
NoDataValue,-9999
Produced,19-Mar-2016 19:43:55
AuthorEmail,albert.vandijk@anu.edu.au
------------------------------------------ 
-9999,0001,0003,0004,0005,0006,0007,0008,0009,0010,0011,0014,0015,0016,0018,0019,0024,0025,0031,0032,0033,0034,0035
1,288.18,3059.1,407.89,2170.2,919.42,5.1854,53122,1.4438e+05,0,2642.4,22896,1365,4712.5,18026,38341,19150,9563.6,2.4957e+05,1.3154e+05,37843,68133,2555.7
2,171.52,1864.8,11.78,2889.3,1853,0,31992,1.0182e+05,0,895.82,4400.4,627.36,86.055,1879.1,1159.3,284.51,127,91725,80424,5494.3,17618,2004.7
3,718.83,2466,1146.4,3996.6,757.42,3361.8,7285.5,44842,1168.9,6123.9,1.1267e+05,0.079533,19168,78987,1.2379e+05,21812,13673,1.6722e+05,1.9749e+05,56809,2.9182e+05,1692
4,60.316,801.77,4090.2,1087.5,364.9,0,33726,27799,0,1134.7,8296.2,5.6254,3544.5,5025.5,1.268e+05,18607,37166,5463.2,5096.6,16066,10282,526.74
5,521.16,3086.9,8531.5,711.69,251.09,0.12402,70564,27670,0,467.74,17858,0,68905,34602,3.2186e+05,75003,1.172e+05,46360,34934,92385,83445,527.68
6,56.963,2651.3,1.1145,899.76,848.52,0,184.37,16653,0,488.18,1507.2,3.2082,73.806,141.91,654.23,21.893,1.9121,78595,56115,351.71,7787,212.12
7,75.836,1552.2,859.6,86.209,0.34289,0.1565,100.91,137.58,0,3307.8,47707,0,86975,56468,1.2944e+05,15611,34392,16226,1.1429e+05,38278,1.2724e+05,33.262
8,0.33855,10.319,0,0.44407,0.71056,0,0.75788,425.37,0,0,22.764,3.1134,0.85897,7.6741,7.4241,0.5769,0.032597,307.44,2156.3,3.209,424.57,96.507
9,0,0,0,0,0,0,0,0,0,0,0,0,0,0,0,0,0,0,0,0,0,0
9999,1893.2,15492,15049,11842,4995.4,3367.3,1.9698e+05,3.6373e+05,1168.9,15061,2.1536e+05,2004.4,1.8347e+05,1.9514e+05,7.4206e+05,1.5049e+05,2.1213e+05,6.5547e+05,6.2205e+05,2.4723e+05,6.0675e+05,7648.7
