Title,Leaf area
Regions,States & Territories
Description,Leaf area as estimated by the OzWALD model-data fusion system.
InputFile,au/OzWALD/annual/OzWALD.annual.LAI.AnnualMeans.nc
RegionShapefile,states4326
RegionCode,STATE_CODE
RegionLabels,See file STATE_CODE.csv to match RegionCode to region name.
ColumnLabels,See file DLCD_codes.csv to match ColumnID to category name.
Units,km2
NoDataValue,-9999
Produced,19-Mar-2016 18:51:06
AuthorEmail,albert.vandijk@anu.edu.au
------------------------------------------ 
-9999,0001,0003,0004,0005,0006,0007,0008,0009,0010,0011,0014,0015,0016,0018,0019,0024,0025,0031,0032,0033,0034,0035
1,351.07,3672.1,519.57,2958.4,1010.6,5.0376,78454,1.6959e+05,0,3917.5,33133,1628.2,6391.7,27587,50693,26114,13856,2.5558e+05,1.4645e+05,49280,83146,2786.1
2,197.58,2072.4,11.533,3809.7,2219.7,0,38930,1.1269e+05,0,979.13,5166,657.12,97.677,2312.2,1379.2,345.37,157.65,1.0025e+05,89462,6473.9,19974,2275
3,776.99,2635.2,1346.7,3796.9,721.05,2875.1,8071.3,46949,1015.5,6321.4,1.2485e+05,0.10715,24640,89185,1.634e+05,28250,17835,1.6288e+05,2.0542e+05,66953,3.1038e+05,1776.4
4,67.619,889.79,4268.5,1183.9,385.58,0,42243,30300,0,1180.5,9984.4,5.4654,3954,6016.2,1.4425e+05,20347,39815,5682.9,5816.6,18789,12018,576.45
5,609.25,3536,10036,738.24,258.63,0.12575,75578,28320,0,486.45,19381,0,80478,39644,3.9542e+05,90554,1.3962e+05,47949,36800,1.0479e+05,86531,560.71
6,64.516,2881.2,1.2235,989.3,904.69,0,190.47,17638,0,495.98,1529.5,3.301,79.421,148.54,717.3,23.975,2.0068,81608,57978,409.67,8291.5,225.92
7,80.079,1776.1,1111.1,84.562,0.39809,0.1584,104.77,139.66,0,3423.3,53823,0,1.0395e+05,67642,1.6299e+05,18824,42671,15798,1.1612e+05,43779,1.3959e+05,37.583
8,0.40681,12.263,0,0.5182,0.83293,0,0.94943,512.67,0,0,26.619,3.8071,1.134,8.7341,9.0555,0.8148,0.033473,371.35,2373.8,4.0401,479.71,112.31
9,0,0,0,0,0,0,0,0,0,0,0,0,0,0,0,0,0,0,0,0,0,0
9999,2147.5,17475,17295,13562,5501.5,2880.4,2.4357e+05,4.0614e+05,1015.5,16804,2.479e+05,2298,2.1959e+05,2.3254e+05,9.1886e+05,1.8446e+05,2.5396e+05,6.7013e+05,6.6042e+05,2.9048e+05,6.6042e+05,8350.5
