Title,Leaf area
Regions,States & Territories
Description,Leaf area as estimated by the OzWALD model-data fusion system.
InputFile,au/OzWALD/annual/OzWALD.annual.LAI.AnnualMeans.nc
RegionShapefile,states4326
RegionCode,STATE_CODE
RegionLabels,See file STATE_CODE.csv to match RegionCode to region name.
ColumnLabels,See file DLCD_codes.csv to match ColumnID to category name.
Units,km2
NoDataValue,-9999
Produced,19-Mar-2016 19:21:17
AuthorEmail,albert.vandijk@anu.edu.au
------------------------------------------ 
-9999,0001,0003,0004,0005,0006,0007,0008,0009,0010,0011,0014,0015,0016,0018,0019,0024,0025,0031,0032,0033,0034,0035
1,297.61,3220.2,382.1,2410.7,946.28,5.514,59636,1.4331e+05,0,2870.9,24649,1041.2,4056.7,17544,33690,16338,8307.8,2.6508e+05,1.3469e+05,32069,68670,2528.5
2,182.64,1877.3,9.7363,3148.2,2149.6,0,25823,1.034e+05,0,876.99,3981.6,474.25,82.469,1535.9,986,241.32,100.42,99818,86641,5193.3,17195,2118.7
3,677.08,2448.3,1102.2,4202.7,782.5,3253.6,8151,50454,1172.3,5626.2,1.1299e+05,0.12151,18963,79969,1.2657e+05,21129,13514,1.6595e+05,1.8681e+05,54402,2.7209e+05,1767.7
4,61.647,763.37,3891.6,1044.7,380.62,0,29590,26333,0,1088,7609.8,4.8952,3296.1,4618.6,1.2909e+05,17509,38508,6589.1,5313.4,14104,9588.8,506.73
5,499.18,3270.8,8525.5,669.6,234.06,0.12463,76929,26816,0,458.21,18870,0,70697,37507,3.348e+05,71658,1.1996e+05,47908,35464,87577,83358,512.35
6,55.259,2205.2,0.96381,1071.6,966.3,0,173.22,18790,0,399.31,1337,3.2392,57.956,120.15,537.28,17.174,1.5667,76448,51659,266.87,6494.9,244.22
7,69.004,1561.2,909.27,78.58,0.36949,0.15513,96.496,129.54,0,3235.8,49581,0,87384,61670,1.2851e+05,15516,34914,13331,1.0568e+05,40331,1.2997e+05,30.617
8,0.29574,9.5933,0,0.48031,0.76211,0,0.7107,359.29,0,0,19.34,2.3336,0.78882,6.913,6.7436,0.58171,0.034317,247.61,1792.4,3.1052,367.31,92.994
9,0,0,0,0,0,0,0,0,0,0,0,0,0,0,0,0,0,0,0,0,0,0
9999,1842.7,15356,14821,12627,5460.5,3259.4,2.004e+05,3.6959e+05,1172.3,14555,2.1904e+05,1526.1,1.8454e+05,2.0297e+05,7.5419e+05,1.4241e+05,2.153e+05,6.7537e+05,6.0805e+05,2.3395e+05,5.8773e+05,7801.8
