Title,Leaf area
Regions,States & Territories
Description,Leaf area as estimated by the OzWALD model-data fusion system.
InputFile,au/OzWALD/annual/OzWALD.annual.LAI.AnnualMeans.nc
RegionShapefile,states4326
RegionCode,STATE_CODE
RegionLabels,See file STATE_CODE.csv to match RegionCode to region name.
ColumnLabels,See file DLCD_codes.csv to match ColumnID to category name.
Units,km2
NoDataValue,-9999
Produced,19-Mar-2016 18:58:39
AuthorEmail,albert.vandijk@anu.edu.au
------------------------------------------ 
-9999,0001,0003,0004,0005,0006,0007,0008,0009,0010,0011,0014,0015,0016,0018,0019,0024,0025,0031,0032,0033,0034,0035
1,311.54,3136.9,405.95,2533,956.89,5.6998,62126,1.5322e+05,0,3066.7,25354,1265,4378.7,18339,35101,17252,8953.2,2.5914e+05,1.3318e+05,32448,70375,2505.9
2,187.54,1894.7,10.039,3374.2,2241.1,0,31742,1.1086e+05,0,977,4621.4,684.18,88.383,1878.1,1143.9,287.17,124.45,99596,90004,5691.3,18732,2159.4
3,717.67,2574.2,1144.5,4134.3,835.91,3150.3,7883,50872,1103,5969.4,1.1653e+05,0.12292,20902,85509,1.3946e+05,23084,15171,1.823e+05,1.9716e+05,59531,2.8204e+05,1924.1
4,60.574,832.44,3938.3,1152.9,386.91,0,37643,29812,0,1217.7,9035.8,6.2733,3495.9,5353.5,1.3058e+05,16837,36504,5647.7,5139.3,13866,10286,515.32
5,445.91,2898.1,7913.8,659.03,232.64,0.13043,71583,25656,0,440.37,18603,0,68745,37328,3.2628e+05,66420,1.1306e+05,40272,31452,77985,77940,470.24
6,48.737,1661.4,0.78402,1123.7,943.28,0,176.18,18761,0,351.83,1123.7,2.7841,50.212,96.854,418.35,14.06,1.4711,64944,42673,206.69,5240.5,222.86
7,70.895,1611.2,983.77,85.807,0.39771,0.15172,104.56,140.38,0,3550.2,52722,0,1.0114e+05,65652,1.5569e+05,18424,39887,14765,1.1022e+05,41976,1.334e+05,32.491
8,0.34812,12.069,0,0.47919,0.78826,0,0.91928,445.48,0,0,23.556,3.5435,1.0198,7.6876,8.2629,0.66801,0.034946,344.77,2077.8,3.5607,420.6,107.14
9,0,0,0,0,0,0,0,0,0,0,0,0,0,0,0,0,0,0,0,0,0,0
9999,1843.2,14621,14397,13063,5597.9,3156.3,2.1126e+05,3.8977e+05,1103,15573,2.2801e+05,1961.9,1.988e+05,2.1416e+05,7.8868e+05,1.4232e+05,2.137e+05,6.6701e+05,6.1191e+05,2.3171e+05,5.9844e+05,7937.4
