Title,Leaf area
Regions,States & Territories
Description,Leaf area as estimated by the OzWALD model-data fusion system.
InputFile,au/OzWALD/annual/OzWALD.annual.LAI.AnnualMeans.nc
RegionShapefile,states4326
RegionCode,STATE_CODE
RegionLabels,See file STATE_CODE.csv to match RegionCode to region name.
ColumnLabels,See file DLCD_codes.csv to match ColumnID to category name.
Units,km2
NoDataValue,-9999
Produced,19-Mar-2016 19:36:22
AuthorEmail,albert.vandijk@anu.edu.au
------------------------------------------ 
-9999,0001,0003,0004,0005,0006,0007,0008,0009,0010,0011,0014,0015,0016,0018,0019,0024,0025,0031,0032,0033,0034,0035
1,249.51,2905.1,360.32,1922.8,843.68,5.2859,42982,1.2083e+05,0,2330,20252,1386.3,4312.4,16199,33940,18347,8590.2,2.6205e+05,1.3413e+05,36284,65137,2337.8
2,172.67,1790.5,8.9272,2488.6,1779.8,0,20447,94767,0,726.87,3772.8,709.05,87.241,1544.4,1004.5,256.9,102.75,1.0829e+05,96674,5660.7,18233,2120.4
3,652.78,2355.1,1003.5,3993.4,764.26,3244.8,6583.3,44133,1054.7,5774.6,1.0874e+05,0.097415,20026,80554,1.2529e+05,21246,12601,1.6154e+05,1.9052e+05,58974,2.8714e+05,1829.3
4,58.528,737.01,3776,981.49,362.53,0,27418,24938,0,1003.9,7569.1,4.6271,3560.3,4807.5,1.2193e+05,19159,37255,6488.9,5549,16571,9956.6,532.03
5,558.74,3196,8983,663.64,232.49,0.12122,61292,25775,0,484.69,19006,0,75877,38237,3.6677e+05,78920,1.2684e+05,52518,37783,95338,85695,516.03
6,57.985,2522.7,1.0527,995.6,955.43,0,178.86,18194,0,440.82,1436.3,3.4272,68.615,136.02,629.52,20.365,1.7616,81906,56594,336.38,7523.4,235.81
7,72.543,1782,879.81,83.166,0.37186,0.16305,100.81,134.51,0,3262.3,51938,0,92660,66377,1.2984e+05,16000,33162,15154,1.1089e+05,43775,1.3604e+05,32.755
8,0.26942,10.529,0,0.48481,0.76664,0,0.77713,358.96,0,0,20.948,3.1117,0.85448,7.7406,7.3726,0.55906,0.034574,316.65,2162,3.1586,404.1,89.927
9,0,0,0,0,0,0,0,0,0,0,0,0,0,0,0,0,0,0,0,0,0,0
9999,1823,15299,15013,11129,4939.3,3250.4,1.59e+05,3.2913e+05,1054.7,14023,2.1273e+05,2106.6,1.9659e+05,2.0786e+05,7.7942e+05,1.5395e+05,2.1855e+05,6.8826e+05,6.3431e+05,2.5694e+05,6.1013e+05,7694
