Title,Leaf area
Regions,States & Territories
Description,Leaf area as estimated by the OzWALD model-data fusion system.
InputFile,au/OzWALD/annual/OzWALD.annual.LAI.AnnualMeans.nc
RegionShapefile,states4326
RegionCode,STATE_CODE
RegionLabels,See file STATE_CODE.csv to match RegionCode to region name.
ColumnLabels,See file DLCD_codes.csv to match ColumnID to category name.
Units,km2
NoDataValue,-9999
Produced,19-Mar-2016 19:06:12
AuthorEmail,albert.vandijk@anu.edu.au
------------------------------------------ 
-9999,0001,0003,0004,0005,0006,0007,0008,0009,0010,0011,0014,0015,0016,0018,0019,0024,0025,0031,0032,0033,0034,0035
1,270.76,2578.4,348.99,1894.3,875.6,4.3181,38039,1.1915e+05,0,1974.8,16730,1462.7,3770.1,13114,29002,14703,7297.6,2.4086e+05,1.2277e+05,27579,54184,2366.3
2,175.8,1735.3,7.7692,2319.6,1817.3,0,17813,94184,0,721.21,3344.9,649.04,78.095,1332.8,874.45,213.09,86.118,1.0515e+05,90714,4593.9,15828,2057.3
3,625.42,2292.3,996.29,3881.1,773.45,3253,6497.3,44555,1185.6,5399.8,1.0046e+05,0.10411,17085,72952,1.1051e+05,19596,12368,1.7209e+05,1.8228e+05,52323,2.6387e+05,1851.1
4,56.112,690.76,3639,933.63,341.07,0,25412,23123,0,961.38,6681.7,4.5492,3133,4112.1,1.2364e+05,16425,36025,5858.9,4759.5,13673,8755.6,489.66
5,459.4,2833.8,7759.8,685.98,243.36,0.11762,63732,26827,0,453.25,16934,0,62722,32864,2.9966e+05,64650,1.0758e+05,44982,33539,80155,77782,497.47
6,41.058,1875.8,0.82949,879.45,806.72,0,137.05,16377,0,312.03,1115.4,2.8449,47.011,98.366,448.73,13.587,1.2821,64144,43545,229.34,5303.7,208.57
7,64.09,1396.1,890.12,82.482,0.40397,0.16881,97.82,135.15,0,3335.3,46370,0,86115,55190,1.275e+05,15408,34380,13910,1.0624e+05,36978,1.2284e+05,31.843
8,0.30459,11.658,0,0.47949,0.78977,0,0.85228,412.34,0,0,22.575,3.3538,1.0296,7.6531,8.1784,0.62616,0.03306,336.79,2037.3,3.418,400.27,96.068
9,0,0,0,0,0,0,0,0,0,0,0,0,0,0,0,0,0,0,0,0,0,0
9999,1693,13414,13643,10677,4858.7,3257.7,1.5173e+05,3.2477e+05,1185.6,13158,1.9166e+05,2122.6,1.7295e+05,1.7967e+05,6.9164e+05,1.3101e+05,1.9774e+05,6.4732e+05,5.8589e+05,2.1553e+05,5.4896e+05,7598.3
