Title,Leaf area
Regions,States & Territories
Description,Leaf area as estimated by the OzWALD model-data fusion system.
InputFile,au/OzWALD/annual/OzWALD.annual.LAI.AnnualMeans.nc
RegionShapefile,states4326
RegionCode,STATE_CODE
RegionLabels,See file STATE_CODE.csv to match RegionCode to region name.
ColumnLabels,See file DLCD_codes.csv to match ColumnID to category name.
Units,km2
NoDataValue,-9999
Produced,19-Mar-2016 20:44:18
AuthorEmail,albert.vandijk@anu.edu.au
------------------------------------------ 
-9999,0001,0003,0004,0005,0006,0007,0008,0009,0010,0011,0014,0015,0016,0018,0019,0024,0025,0031,0032,0033,0034,0035
1,321.8,3537.1,431.7,2843.7,1036.6,5.9714,71835,1.6304e+05,0,3470.3,30140,1735.9,5288.6,22313,41157,21965,10893,2.7614e+05,1.5069e+05,43391,79197,2816.2
2,177.86,1935.7,9.5996,2869.2,2058.6,0,26222,1.0403e+05,0,836.73,4256.9,821.62,100.11,1884.5,1167.3,305.39,127.85,1.099e+05,99129,6771.1,20017,2181.6
3,731.3,2461.6,1017.5,4348,819.39,3211.8,8586.5,53081,1175.2,6000.5,1.1092e+05,0.13557,19168,75371,1.1153e+05,22372,12933,1.8854e+05,2.2075e+05,57116,2.9707e+05,1921.5
4,65.027,822,3999.9,1087.6,383.88,0,40787,28225,0,1091.9,9094.5,5.2134,3749.1,5759.3,1.2364e+05,19859,34187,6521.3,5859.7,19958,11522,560.43
5,566.86,3289.5,8573.6,719.69,247.83,0.11923,75484,27902,0,468.44,18668,0,68024,36029,3.1829e+05,77985,1.1741e+05,48214,37213,97857,85820,533.19
6,64.234,3076.2,1.2927,1013.8,991.2,0,192.86,19058,0,534.72,1576.6,3.8558,82.487,157.75,763.46,24.061,2.0844,87510,62601,435.52,8881.6,243.36
7,77.498,1514.9,824.83,83.797,0.38977,0.17304,103.77,139.26,0,3331.5,48086,0,87826,56992,1.2325e+05,15578,31821,16244,1.1502e+05,37611,1.3069e+05,34.797
8,0.35686,12.62,0,0.50246,0.7966,0,1.0068,481.6,0,0,26.035,3.9343,1.0927,9.1581,8.8602,0.68235,0.039555,389.59,2513,3.7356,486.41,105.48
9,0,0,0,0,0,0,0,0,0,0,0,0,0,0,0,0,0,0,0,0,0,0
9999,2004.9,16650,14858,12966,5538.8,3218.1,2.2321e+05,3.9596e+05,1175.2,15734,2.2276e+05,2570.6,1.8424e+05,1.9852e+05,7.1981e+05,1.5809e+05,2.0738e+05,7.3346e+05,6.9377e+05,2.6314e+05,6.3369e+05,8396.5
