Title,Leaf area
Regions,States & Territories
Description,Leaf area as estimated by the OzWALD model-data fusion system.
InputFile,au/OzWALD/annual/OzWALD.annual.LAI.AnnualMeans.nc
RegionShapefile,states4326
RegionCode,STATE_CODE
RegionLabels,See file STATE_CODE.csv to match RegionCode to region name.
ColumnLabels,See file DLCD_codes.csv to match ColumnID to category name.
Units,km2
NoDataValue,-9999
Produced,19-Mar-2016 20:14:08
AuthorEmail,albert.vandijk@anu.edu.au
------------------------------------------ 
-9999,0001,0003,0004,0005,0006,0007,0008,0009,0010,0011,0014,0015,0016,0018,0019,0024,0025,0031,0032,0033,0034,0035
1,321.69,3461.4,506.03,2552.5,1017,5.6993,59812,1.5801e+05,0,3660.3,27111,1651.7,6418.6,22677,49982,25512,12913,2.9299e+05,1.5556e+05,47675,79926,2773.2
2,208.73,2185.2,9.8342,3441.2,2394.7,0,32059,1.2158e+05,0,955.42,4976.6,827.27,110.97,2205.3,1394.9,363.3,152.32,1.165e+05,1.1042e+05,7279.4,22710,2455.3
3,907.57,3046.3,1442.1,4696.2,898.31,3406.5,9767.6,58833,1178.6,7353.1,1.4741e+05,0.13454,26925,1.0283e+05,1.7416e+05,29920,19655,1.9814e+05,2.3692e+05,72389,3.5143e+05,2142.4
4,72.289,907.91,4428.1,1214.2,443.09,0,38280,31070,0,1267.1,9757.3,5.511,4591.9,6223.8,1.5437e+05,22458,43787,7678.9,6546.9,20271,12363,578.44
5,516.13,3353.3,9160.1,675.88,234.82,0.14079,82056,26204,0,461.54,19394,0,76424,40535,3.8465e+05,82227,1.4002e+05,45344,34852,89005,83319,511.09
6,66.207,2922,1.269,1181.6,1072.4,0,210.58,21349,0,530.08,1616.5,4.0245,79.496,157.25,735.04,23.959,2.1154,88821,63443,390.97,8660.2,266.31
7,77.725,1815.8,1003.9,86.709,0.36779,0.15147,104.1,140.89,0,3520.4,54296,0,1.0177e+05,70165,1.6388e+05,18565,41372,17196,1.18e+05,44282,1.3878e+05,35.732
8,0.3555,12.595,0,0.50607,0.80071,0,0.96353,489.24,0,0,26.305,3.8775,1.0887,9.1308,8.9558,0.67621,0.040382,381.28,2545.6,3.7499,494.65,106.7
9,0,0,0,0,0,0,0,0,0,0,0,0,0,0,0,0,0,0,0,0,0,0
9999,2170.7,17704,16551,13849,6061.5,3412.5,2.2229e+05,4.1768e+05,1178.6,17748,2.6459e+05,2492.5,2.1632e+05,2.448e+05,9.2917e+05,1.7907e+05,2.579e+05,7.6705e+05,7.2829e+05,2.813e+05,6.9768e+05,8869.2
