Title,Leaf area
Regions,States & Territories
Description,Leaf area as estimated by the OzWALD model-data fusion system.
InputFile,au/OzWALD/annual/OzWALD.annual.LAI.AnnualMeans.nc
RegionShapefile,states4326
RegionCode,STATE_CODE
RegionLabels,See file STATE_CODE.csv to match RegionCode to region name.
ColumnLabels,See file DLCD_codes.csv to match ColumnID to category name.
Units,km2
NoDataValue,-9999
Produced,19-Mar-2016 19:59:01
AuthorEmail,albert.vandijk@anu.edu.au
------------------------------------------ 
-9999,0001,0003,0004,0005,0006,0007,0008,0009,0010,0011,0014,0015,0016,0018,0019,0024,0025,0031,0032,0033,0034,0035
1,286.87,3046.9,354.96,2074.5,886.6,4.9207,52974,1.3766e+05,0,2832.1,22766,1533.9,4441.1,17216,32120,18705,8401.1,2.691e+05,1.3997e+05,39181,68275,2535
2,166.24,1916.7,11.916,2790.1,1770.9,0,31804,1.0135e+05,0,874.95,4538.7,744.99,84.892,1868,1125.9,264.96,118.78,1.0186e+05,94241,5266.3,18466,2015.3
3,735.54,2514.4,1073.2,4187.1,820.58,3211.8,7314.5,49752,1176.8,6194.8,1.1513e+05,0.099898,21445,82242,1.3864e+05,24225,14207,1.8531e+05,2.1289e+05,61835,3.072e+05,1975.7
4,60.26,817.78,3820,1128.8,396.87,0,38312,29058,0,1158.8,8740.8,5.3972,3218.5,5192.5,1.1852e+05,17729,33891,6469.7,5530.7,15934,10475,528.87
5,542.18,3254.6,8331.6,670.92,233.69,0.12212,73502,27376,0,464.11,18025,0,64855,35739,2.9662e+05,76204,1.1067e+05,50769,37088,95924,84502,527.48
6,60.907,2817.7,1.1815,1003.1,946.2,0,197.44,18446,0,524.14,1561.3,3.6105,75.006,148.13,693.01,22.649,2.0167,82605,58747,364.68,8141.5,231.4
7,75.215,1596.2,803.02,82.214,0.35156,0.15984,95.126,128.27,0,3214,49124,0,74558,60234,1.1876e+05,13768,30393,16561,1.1446e+05,38635,1.3092e+05,33.517
8,0.29975,11.566,0,0.48537,0.77693,0,0.85866,413.76,0,0,22.66,3.2531,0.9715,8.091,8.1773,0.59204,0.036288,322.65,2288.4,3.3426,436.83,94.714
9,0,0,0,0,0,0,0,0,0,0,0,0,0,0,0,0,0,0,0,0,0,0
9999,1927.5,15976,14396,11937,5055.9,3217,2.042e+05,3.6418e+05,1176.8,15263,2.199e+05,2291.2,1.6868e+05,2.0265e+05,7.0649e+05,1.5092e+05,1.9768e+05,7.13e+05,6.6522e+05,2.5714e+05,6.2842e+05,7942
