Title,Leaf area
Regions,States & Territories
Description,Leaf area as estimated by the OzWALD model-data fusion system.
InputFile,au/OzWALD/annual/OzWALD.annual.LAI.AnnualMeans.nc
RegionShapefile,states4326
RegionCode,STATE_CODE
RegionLabels,See file STATE_CODE.csv to match RegionCode to region name.
ColumnLabels,Year
Units,m2/m2
NoDataValue,-9999
Produced,19-Mar-2016 20:44:18
AuthorEmail,albert.vandijk@anu.edu.au
------------------------------------------ 
-9999,2000,2001,2002,2003,2004,2005,2006,2007,2008,2009,2010,2011,2012,2013,2014,2015
1,1.2051,1.0501,0.88007,0.99073,1.0346,1.0794,0.97627,1.0207,1.053,1.0379,1.2408,1.2018,1.1814,1.1351,1.1154,1.1738
2,1.7868,1.7264,1.5768,1.6214,1.6325,1.7967,1.6545,1.5935,1.6766,1.7033,1.8812,1.983,1.8801,1.8221,1.821,1.7654
3,0.74072,0.70098,0.62687,0.61473,0.66014,0.63562,0.66375,0.67483,0.73873,0.72443,0.81932,0.84763,0.81466,0.72546,0.70356,0.69942
4,0.35971,0.32303,0.28826,0.30987,0.31018,0.30074,0.30269,0.31643,0.29312,0.31133,0.36006,0.37885,0.32851,0.32568,0.34842,0.32806
5,0.46495,0.38773,0.37011,0.37482,0.41067,0.38624,0.43188,0.40234,0.39468,0.3945,0.37985,0.448,0.41128,0.40583,0.41484,0.40972
6,2.9473,2.3366,2.2949,2.4769,2.7218,2.8027,2.9144,2.83,2.879,2.9881,3.1795,3.2409,3.2419,3.1659,3.1702,3.1677
7,0.57863,0.55501,0.48797,0.47944,0.50447,0.45658,0.52638,0.50438,0.46539,0.48991,0.57012,0.58102,0.51868,0.4761,0.5225,0.50173
8,1.6611,1.466,1.4172,0.88076,1.2339,1.4571,1.4361,1.4701,1.5662,1.5332,1.6918,1.7321,1.7507,1.6463,1.6826,1.7144
9,-9999,-9999,-9999,-9999,-9999,-9999,-9999,-9999,-9999,-9999,-9999,-9999,-9999,-9999,-9999,-9999
9999,0.67181,0.60529,0.54411,0.55847,0.59207,0.5792,0.59908,0.59185,0.60016,0.60369,0.66864,0.70124,0.65922,0.62228,0.62933,0.62489
